<?xml version="1.0" standalone="yes"?>
<NewDataSet>
  <xs:schema id="NewDataSet" xmlns="" xmlns:xs="http://www.w3.org/2001/XMLSchema" xmlns:msdata="urn:schemas-microsoft-com:xml-msdata" xmlns:msprop="urn:schemas-microsoft-com:xml-msprop">
    <xs:element name="NewDataSet" msdata:IsDataSet="true" msdata:MainDataTable="Dictionary" msdata:UseCurrentLocale="true">
      <xs:complexType>
        <xs:choice minOccurs="0" maxOccurs="unbounded">
          <xs:element name="Dictionary" msprop:REFCursorName="REFCursor">
            <xs:complexType>
              <xs:sequence>
                <xs:element name="DICTIONARYITEMID" msprop:OraDbType="107" type="xs:decimal" minOccurs="0" />
                <xs:element name="DICTIONARYCODE" msprop:OraDbType="126" type="xs:string" minOccurs="0" />
                <xs:element name="DICTIONARYITEMCODE" msprop:OraDbType="126" type="xs:string" minOccurs="0" />
                <xs:element name="DICTIONARYITEMNAME" msprop:OraDbType="126" type="xs:string" minOccurs="0" />
              </xs:sequence>
            </xs:complexType>
          </xs:element>
        </xs:choice>
      </xs:complexType>
    </xs:element>
  </xs:schema>
  <Dictionary>
    <DICTIONARYITEMID>1</DICTIONARYITEMID>
    <DICTIONARYCODE>BUILDDEST</DICTIONARYCODE>
    <DICTIONARYITEMCODE>CA</DICTIONARYITEMCODE>
    <DICTIONARYITEMNAME>constructii anexa</DICTIONARYITEMNAME>
  </Dictionary>
  <Dictionary>
    <DICTIONARYITEMID>2</DICTIONARYITEMID>
    <DICTIONARYCODE>BUILDDEST</DICTIONARYCODE>
    <DICTIONARYITEMCODE>CAS</DICTIONARYITEMCODE>
    <DICTIONARYITEMNAME>constructii administrative si social culturale</DICTIONARYITEMNAME>
  </Dictionary>
  <Dictionary>
    <DICTIONARYITEMID>3</DICTIONARYITEMID>
    <DICTIONARYCODE>BUILDDEST</DICTIONARYCODE>
    <DICTIONARYITEMCODE>CIE</DICTIONARYITEMCODE>
    <DICTIONARYITEMNAME>constructii industriale si edilitare</DICTIONARYITEMNAME>
  </Dictionary>
  <Dictionary>
    <DICTIONARYITEMID>4</DICTIONARYITEMID>
    <DICTIONARYCODE>BUILDDEST</DICTIONARYCODE>
    <DICTIONARYITEMCODE>CL</DICTIONARYITEMCODE>
    <DICTIONARYITEMNAME>constructii de locuinte</DICTIONARYITEMNAME>
  </Dictionary>
  <Dictionary>
    <DICTIONARYITEMID>5</DICTIONARYITEMID>
    <DICTIONARYCODE>COMMONPARTS</DICTIONARYCODE>
    <DICTIONARYITEMCODE>ACOPERIS</DICTIONARYITEMCODE>
    <DICTIONARYITEMNAME>Acoperis</DICTIONARYITEMNAME>
  </Dictionary>
  <Dictionary>
    <DICTIONARYITEMID>6</DICTIONARYITEMID>
    <DICTIONARYCODE>COMMONPARTS</DICTIONARYCODE>
    <DICTIONARYITEMCODE>ALTE_SPATII</DICTIONARYITEMCODE>
    <DICTIONARYITEMNAME>Alte spatii comune</DICTIONARYITEMNAME>
  </Dictionary>
  <Dictionary>
    <DICTIONARYITEMID>7</DICTIONARYITEMID>
    <DICTIONARYCODE>COMMONPARTS</DICTIONARYCODE>
    <DICTIONARYITEMCODE>BALCON</DICTIONARYITEMCODE>
    <DICTIONARYITEMNAME>Balcon</DICTIONARYITEMNAME>
  </Dictionary>
  <Dictionary>
    <DICTIONARYITEMID>8</DICTIONARYITEMID>
    <DICTIONARYCODE>COMMONPARTS</DICTIONARYCODE>
    <DICTIONARYITEMCODE>BOXA</DICTIONARYITEMCODE>
    <DICTIONARYITEMNAME>Boxa</DICTIONARYITEMNAME>
  </Dictionary>
  <Dictionary>
    <DICTIONARYITEMID>9</DICTIONARYITEMID>
    <DICTIONARYCODE>COMMONPARTS</DICTIONARYCODE>
    <DICTIONARYITEMCODE>CAMERA_TEHNICA</DICTIONARYITEMCODE>
    <DICTIONARYITEMNAME>Camera tehnica</DICTIONARYITEMNAME>
  </Dictionary>
  <Dictionary>
    <DICTIONARYITEMID>10</DICTIONARYITEMID>
    <DICTIONARYCODE>COMMONPARTS</DICTIONARYCODE>
    <DICTIONARYITEMCODE>CASA_ASCENSORULUI</DICTIONARYITEMCODE>
    <DICTIONARYITEMNAME>Casa ascensorului</DICTIONARYITEMNAME>
  </Dictionary>
  <Dictionary>
    <DICTIONARYITEMID>11</DICTIONARYITEMID>
    <DICTIONARYCODE>COMMONPARTS</DICTIONARYCODE>
    <DICTIONARYITEMCODE>CASA_SCARII</DICTIONARYITEMCODE>
    <DICTIONARYITEMNAME>Casa scarii</DICTIONARYITEMNAME>
  </Dictionary>
  <Dictionary>
    <DICTIONARYITEMID>12</DICTIONARYITEMID>
    <DICTIONARYCODE>COMMONPARTS</DICTIONARYCODE>
    <DICTIONARYITEMCODE>CENTRALA_TERMICA</DICTIONARYITEMCODE>
    <DICTIONARYITEMNAME>Centrala termica</DICTIONARYITEMNAME>
  </Dictionary>
  <Dictionary>
    <DICTIONARYITEMID>13</DICTIONARYITEMID>
    <DICTIONARYCODE>COMMONPARTS</DICTIONARYCODE>
    <DICTIONARYITEMCODE>COS_FUM</DICTIONARYITEMCODE>
    <DICTIONARYITEMNAME>Cos de fum</DICTIONARYITEMNAME>
  </Dictionary>
  <Dictionary>
    <DICTIONARYITEMID>14</DICTIONARYITEMID>
    <DICTIONARYCODE>COMMONPARTS</DICTIONARYCODE>
    <DICTIONARYITEMCODE>DUSURI_COMUNE</DICTIONARYITEMCODE>
    <DICTIONARYITEMNAME>Dusuri comune</DICTIONARYITEMNAME>
  </Dictionary>
  <Dictionary>
    <DICTIONARYITEMID>15</DICTIONARYITEMID>
    <DICTIONARYCODE>COMMONPARTS</DICTIONARYCODE>
    <DICTIONARYITEMCODE>GHENA</DICTIONARYITEMCODE>
    <DICTIONARYITEMNAME>Ghena</DICTIONARYITEMNAME>
  </Dictionary>
  <Dictionary>
    <DICTIONARYITEMID>16</DICTIONARYITEMID>
    <DICTIONARYCODE>COMMONPARTS</DICTIONARYCODE>
    <DICTIONARYITEMCODE>HOLURI</DICTIONARYITEMCODE>
    <DICTIONARYITEMNAME>Holuri</DICTIONARYITEMNAME>
  </Dictionary>
  <Dictionary>
    <DICTIONARYITEMID>17</DICTIONARYITEMID>
    <DICTIONARYCODE>COMMONPARTS</DICTIONARYCODE>
    <DICTIONARYITEMCODE>LOGIE</DICTIONARYITEMCODE>
    <DICTIONARYITEMNAME>Logie</DICTIONARYITEMNAME>
  </Dictionary>
  <Dictionary>
    <DICTIONARYITEMID>18</DICTIONARYITEMID>
    <DICTIONARYCODE>COMMONPARTS</DICTIONARYCODE>
    <DICTIONARYITEMCODE>PIVNITA</DICTIONARYITEMCODE>
    <DICTIONARYITEMNAME>Pivnita</DICTIONARYITEMNAME>
  </Dictionary>
  <Dictionary>
    <DICTIONARYITEMID>19</DICTIONARYITEMID>
    <DICTIONARYCODE>COMMONPARTS</DICTIONARYCODE>
    <DICTIONARYITEMCODE>POD</DICTIONARYITEMCODE>
    <DICTIONARYITEMNAME>Pod</DICTIONARYITEMNAME>
  </Dictionary>
  <Dictionary>
    <DICTIONARYITEMID>20</DICTIONARYITEMID>
    <DICTIONARYCODE>COMMONPARTS</DICTIONARYCODE>
    <DICTIONARYITEMCODE>RAMPA_ACCES</DICTIONARYITEMCODE>
    <DICTIONARYITEMNAME>Rampa de acces</DICTIONARYITEMNAME>
  </Dictionary>
  <Dictionary>
    <DICTIONARYITEMID>21</DICTIONARYITEMID>
    <DICTIONARYCODE>COMMONPARTS</DICTIONARYCODE>
    <DICTIONARYITEMCODE>SCARA_ACCES</DICTIONARYITEMCODE>
    <DICTIONARYITEMNAME>Scara de acces</DICTIONARYITEMNAME>
  </Dictionary>
  <Dictionary>
    <DICTIONARYITEMID>22</DICTIONARYITEMID>
    <DICTIONARYCODE>COMMONPARTS</DICTIONARYCODE>
    <DICTIONARYITEMCODE>SCARI_EXTERIOARE</DICTIONARYITEMCODE>
    <DICTIONARYITEMNAME>Scari exterioare</DICTIONARYITEMNAME>
  </Dictionary>
  <Dictionary>
    <DICTIONARYITEMID>23</DICTIONARYITEMID>
    <DICTIONARYCODE>COMMONPARTS</DICTIONARYCODE>
    <DICTIONARYITEMCODE>SPALATORIE</DICTIONARYITEMCODE>
    <DICTIONARYITEMNAME>Spalatorie</DICTIONARYITEMNAME>
  </Dictionary>
  <Dictionary>
    <DICTIONARYITEMID>24</DICTIONARYITEMID>
    <DICTIONARYCODE>COMMONPARTS</DICTIONARYCODE>
    <DICTIONARYITEMCODE>SUBSOL</DICTIONARYITEMCODE>
    <DICTIONARYITEMNAME>Subsol</DICTIONARYITEMNAME>
  </Dictionary>
  <Dictionary>
    <DICTIONARYITEMID>25</DICTIONARYITEMID>
    <DICTIONARYCODE>COMMONPARTS</DICTIONARYCODE>
    <DICTIONARYITEMCODE>TERASA</DICTIONARYITEMCODE>
    <DICTIONARYITEMNAME>Terasa</DICTIONARYITEMNAME>
  </Dictionary>
  <Dictionary>
    <DICTIONARYITEMID>26</DICTIONARYITEMID>
    <DICTIONARYCODE>COMMONPARTS</DICTIONARYCODE>
    <DICTIONARYITEMCODE>USCATORIE</DICTIONARYITEMCODE>
    <DICTIONARYITEMNAME>Uscatorie</DICTIONARYITEMNAME>
  </Dictionary>
  <Dictionary>
    <DICTIONARYITEMID>27</DICTIONARYITEMID>
    <DICTIONARYCODE>COUNTRY</DICTIONARYCODE>
    <DICTIONARYITEMCODE>AD</DICTIONARYITEMCODE>
    <DICTIONARYITEMNAME>Andorra</DICTIONARYITEMNAME>
  </Dictionary>
  <Dictionary>
    <DICTIONARYITEMID>28</DICTIONARYITEMID>
    <DICTIONARYCODE>COUNTRY</DICTIONARYCODE>
    <DICTIONARYITEMCODE>AE</DICTIONARYITEMCODE>
    <DICTIONARYITEMNAME>United Arab Emirates</DICTIONARYITEMNAME>
  </Dictionary>
  <Dictionary>
    <DICTIONARYITEMID>29</DICTIONARYITEMID>
    <DICTIONARYCODE>COUNTRY</DICTIONARYCODE>
    <DICTIONARYITEMCODE>AF</DICTIONARYITEMCODE>
    <DICTIONARYITEMNAME>Afghanistan </DICTIONARYITEMNAME>
  </Dictionary>
  <Dictionary>
    <DICTIONARYITEMID>30</DICTIONARYITEMID>
    <DICTIONARYCODE>COUNTRY</DICTIONARYCODE>
    <DICTIONARYITEMCODE>AG</DICTIONARYITEMCODE>
    <DICTIONARYITEMNAME>Antigua And Barbuda</DICTIONARYITEMNAME>
  </Dictionary>
  <Dictionary>
    <DICTIONARYITEMID>31</DICTIONARYITEMID>
    <DICTIONARYCODE>COUNTRY</DICTIONARYCODE>
    <DICTIONARYITEMCODE>AI</DICTIONARYITEMCODE>
    <DICTIONARYITEMNAME>Anguilla</DICTIONARYITEMNAME>
  </Dictionary>
  <Dictionary>
    <DICTIONARYITEMID>32</DICTIONARYITEMID>
    <DICTIONARYCODE>COUNTRY</DICTIONARYCODE>
    <DICTIONARYITEMCODE>AL</DICTIONARYITEMCODE>
    <DICTIONARYITEMNAME>Albania</DICTIONARYITEMNAME>
  </Dictionary>
  <Dictionary>
    <DICTIONARYITEMID>33</DICTIONARYITEMID>
    <DICTIONARYCODE>COUNTRY</DICTIONARYCODE>
    <DICTIONARYITEMCODE>AM</DICTIONARYITEMCODE>
    <DICTIONARYITEMNAME>Armenia</DICTIONARYITEMNAME>
  </Dictionary>
  <Dictionary>
    <DICTIONARYITEMID>34</DICTIONARYITEMID>
    <DICTIONARYCODE>COUNTRY</DICTIONARYCODE>
    <DICTIONARYITEMCODE>AN</DICTIONARYITEMCODE>
    <DICTIONARYITEMNAME>Netherlands Antilles</DICTIONARYITEMNAME>
  </Dictionary>
  <Dictionary>
    <DICTIONARYITEMID>35</DICTIONARYITEMID>
    <DICTIONARYCODE>COUNTRY</DICTIONARYCODE>
    <DICTIONARYITEMCODE>AO</DICTIONARYITEMCODE>
    <DICTIONARYITEMNAME>Angola</DICTIONARYITEMNAME>
  </Dictionary>
  <Dictionary>
    <DICTIONARYITEMID>36</DICTIONARYITEMID>
    <DICTIONARYCODE>COUNTRY</DICTIONARYCODE>
    <DICTIONARYITEMCODE>AQ</DICTIONARYITEMCODE>
    <DICTIONARYITEMNAME>Antarctica</DICTIONARYITEMNAME>
  </Dictionary>
  <Dictionary>
    <DICTIONARYITEMID>37</DICTIONARYITEMID>
    <DICTIONARYCODE>COUNTRY</DICTIONARYCODE>
    <DICTIONARYITEMCODE>AR</DICTIONARYITEMCODE>
    <DICTIONARYITEMNAME>Argentina</DICTIONARYITEMNAME>
  </Dictionary>
  <Dictionary>
    <DICTIONARYITEMID>38</DICTIONARYITEMID>
    <DICTIONARYCODE>COUNTRY</DICTIONARYCODE>
    <DICTIONARYITEMCODE>AS</DICTIONARYITEMCODE>
    <DICTIONARYITEMNAME>American Samoa</DICTIONARYITEMNAME>
  </Dictionary>
  <Dictionary>
    <DICTIONARYITEMID>39</DICTIONARYITEMID>
    <DICTIONARYCODE>COUNTRY</DICTIONARYCODE>
    <DICTIONARYITEMCODE>AT</DICTIONARYITEMCODE>
    <DICTIONARYITEMNAME>Austria</DICTIONARYITEMNAME>
  </Dictionary>
  <Dictionary>
    <DICTIONARYITEMID>40</DICTIONARYITEMID>
    <DICTIONARYCODE>COUNTRY</DICTIONARYCODE>
    <DICTIONARYITEMCODE>AU</DICTIONARYITEMCODE>
    <DICTIONARYITEMNAME>Australia</DICTIONARYITEMNAME>
  </Dictionary>
  <Dictionary>
    <DICTIONARYITEMID>41</DICTIONARYITEMID>
    <DICTIONARYCODE>COUNTRY</DICTIONARYCODE>
    <DICTIONARYITEMCODE>AW</DICTIONARYITEMCODE>
    <DICTIONARYITEMNAME>Aruba</DICTIONARYITEMNAME>
  </Dictionary>
  <Dictionary>
    <DICTIONARYITEMID>42</DICTIONARYITEMID>
    <DICTIONARYCODE>COUNTRY</DICTIONARYCODE>
    <DICTIONARYITEMCODE>AX</DICTIONARYITEMCODE>
    <DICTIONARYITEMNAME>Aland Islands</DICTIONARYITEMNAME>
  </Dictionary>
  <Dictionary>
    <DICTIONARYITEMID>43</DICTIONARYITEMID>
    <DICTIONARYCODE>COUNTRY</DICTIONARYCODE>
    <DICTIONARYITEMCODE>AZ</DICTIONARYITEMCODE>
    <DICTIONARYITEMNAME>Azerbaijan</DICTIONARYITEMNAME>
  </Dictionary>
  <Dictionary>
    <DICTIONARYITEMID>44</DICTIONARYITEMID>
    <DICTIONARYCODE>COUNTRY</DICTIONARYCODE>
    <DICTIONARYITEMCODE>BA</DICTIONARYITEMCODE>
    <DICTIONARYITEMNAME>Bosnia And Herzegovina</DICTIONARYITEMNAME>
  </Dictionary>
  <Dictionary>
    <DICTIONARYITEMID>45</DICTIONARYITEMID>
    <DICTIONARYCODE>COUNTRY</DICTIONARYCODE>
    <DICTIONARYITEMCODE>BB</DICTIONARYITEMCODE>
    <DICTIONARYITEMNAME>Barbados</DICTIONARYITEMNAME>
  </Dictionary>
  <Dictionary>
    <DICTIONARYITEMID>46</DICTIONARYITEMID>
    <DICTIONARYCODE>COUNTRY</DICTIONARYCODE>
    <DICTIONARYITEMCODE>BD</DICTIONARYITEMCODE>
    <DICTIONARYITEMNAME>Bangladesh</DICTIONARYITEMNAME>
  </Dictionary>
  <Dictionary>
    <DICTIONARYITEMID>47</DICTIONARYITEMID>
    <DICTIONARYCODE>COUNTRY</DICTIONARYCODE>
    <DICTIONARYITEMCODE>BE</DICTIONARYITEMCODE>
    <DICTIONARYITEMNAME>Belgium</DICTIONARYITEMNAME>
  </Dictionary>
  <Dictionary>
    <DICTIONARYITEMID>48</DICTIONARYITEMID>
    <DICTIONARYCODE>COUNTRY</DICTIONARYCODE>
    <DICTIONARYITEMCODE>BF</DICTIONARYITEMCODE>
    <DICTIONARYITEMNAME>Burkina Faso</DICTIONARYITEMNAME>
  </Dictionary>
  <Dictionary>
    <DICTIONARYITEMID>49</DICTIONARYITEMID>
    <DICTIONARYCODE>COUNTRY</DICTIONARYCODE>
    <DICTIONARYITEMCODE>BG</DICTIONARYITEMCODE>
    <DICTIONARYITEMNAME>Bulgaria</DICTIONARYITEMNAME>
  </Dictionary>
  <Dictionary>
    <DICTIONARYITEMID>50</DICTIONARYITEMID>
    <DICTIONARYCODE>COUNTRY</DICTIONARYCODE>
    <DICTIONARYITEMCODE>BH</DICTIONARYITEMCODE>
    <DICTIONARYITEMNAME>Bahrain</DICTIONARYITEMNAME>
  </Dictionary>
  <Dictionary>
    <DICTIONARYITEMID>51</DICTIONARYITEMID>
    <DICTIONARYCODE>COUNTRY</DICTIONARYCODE>
    <DICTIONARYITEMCODE>BI</DICTIONARYITEMCODE>
    <DICTIONARYITEMNAME>Burundi</DICTIONARYITEMNAME>
  </Dictionary>
  <Dictionary>
    <DICTIONARYITEMID>52</DICTIONARYITEMID>
    <DICTIONARYCODE>COUNTRY</DICTIONARYCODE>
    <DICTIONARYITEMCODE>BJ</DICTIONARYITEMCODE>
    <DICTIONARYITEMNAME>Benin</DICTIONARYITEMNAME>
  </Dictionary>
  <Dictionary>
    <DICTIONARYITEMID>53</DICTIONARYITEMID>
    <DICTIONARYCODE>COUNTRY</DICTIONARYCODE>
    <DICTIONARYITEMCODE>BM</DICTIONARYITEMCODE>
    <DICTIONARYITEMNAME>Bermuda</DICTIONARYITEMNAME>
  </Dictionary>
  <Dictionary>
    <DICTIONARYITEMID>54</DICTIONARYITEMID>
    <DICTIONARYCODE>COUNTRY</DICTIONARYCODE>
    <DICTIONARYITEMCODE>BN</DICTIONARYITEMCODE>
    <DICTIONARYITEMNAME>Brunei Darussalam</DICTIONARYITEMNAME>
  </Dictionary>
  <Dictionary>
    <DICTIONARYITEMID>55</DICTIONARYITEMID>
    <DICTIONARYCODE>COUNTRY</DICTIONARYCODE>
    <DICTIONARYITEMCODE>BO</DICTIONARYITEMCODE>
    <DICTIONARYITEMNAME>Bolivia</DICTIONARYITEMNAME>
  </Dictionary>
  <Dictionary>
    <DICTIONARYITEMID>56</DICTIONARYITEMID>
    <DICTIONARYCODE>COUNTRY</DICTIONARYCODE>
    <DICTIONARYITEMCODE>BR</DICTIONARYITEMCODE>
    <DICTIONARYITEMNAME>Brazil</DICTIONARYITEMNAME>
  </Dictionary>
  <Dictionary>
    <DICTIONARYITEMID>57</DICTIONARYITEMID>
    <DICTIONARYCODE>COUNTRY</DICTIONARYCODE>
    <DICTIONARYITEMCODE>BS</DICTIONARYITEMCODE>
    <DICTIONARYITEMNAME>Bahamas</DICTIONARYITEMNAME>
  </Dictionary>
  <Dictionary>
    <DICTIONARYITEMID>58</DICTIONARYITEMID>
    <DICTIONARYCODE>COUNTRY</DICTIONARYCODE>
    <DICTIONARYITEMCODE>BT</DICTIONARYITEMCODE>
    <DICTIONARYITEMNAME>Bhutan</DICTIONARYITEMNAME>
  </Dictionary>
  <Dictionary>
    <DICTIONARYITEMID>59</DICTIONARYITEMID>
    <DICTIONARYCODE>COUNTRY</DICTIONARYCODE>
    <DICTIONARYITEMCODE>BV</DICTIONARYITEMCODE>
    <DICTIONARYITEMNAME>Bouvet Island</DICTIONARYITEMNAME>
  </Dictionary>
  <Dictionary>
    <DICTIONARYITEMID>60</DICTIONARYITEMID>
    <DICTIONARYCODE>COUNTRY</DICTIONARYCODE>
    <DICTIONARYITEMCODE>BW</DICTIONARYITEMCODE>
    <DICTIONARYITEMNAME>Botswana</DICTIONARYITEMNAME>
  </Dictionary>
  <Dictionary>
    <DICTIONARYITEMID>61</DICTIONARYITEMID>
    <DICTIONARYCODE>COUNTRY</DICTIONARYCODE>
    <DICTIONARYITEMCODE>BY</DICTIONARYITEMCODE>
    <DICTIONARYITEMNAME>Belarus</DICTIONARYITEMNAME>
  </Dictionary>
  <Dictionary>
    <DICTIONARYITEMID>62</DICTIONARYITEMID>
    <DICTIONARYCODE>COUNTRY</DICTIONARYCODE>
    <DICTIONARYITEMCODE>BZ</DICTIONARYITEMCODE>
    <DICTIONARYITEMNAME>Belize</DICTIONARYITEMNAME>
  </Dictionary>
  <Dictionary>
    <DICTIONARYITEMID>63</DICTIONARYITEMID>
    <DICTIONARYCODE>COUNTRY</DICTIONARYCODE>
    <DICTIONARYITEMCODE>CA</DICTIONARYITEMCODE>
    <DICTIONARYITEMNAME>Canada</DICTIONARYITEMNAME>
  </Dictionary>
  <Dictionary>
    <DICTIONARYITEMID>64</DICTIONARYITEMID>
    <DICTIONARYCODE>COUNTRY</DICTIONARYCODE>
    <DICTIONARYITEMCODE>CC</DICTIONARYITEMCODE>
    <DICTIONARYITEMNAME>Cocos (Keeling) Islands</DICTIONARYITEMNAME>
  </Dictionary>
  <Dictionary>
    <DICTIONARYITEMID>65</DICTIONARYITEMID>
    <DICTIONARYCODE>COUNTRY</DICTIONARYCODE>
    <DICTIONARYITEMCODE>CD</DICTIONARYITEMCODE>
    <DICTIONARYITEMNAME>Congo, The Democratic Republic Of The</DICTIONARYITEMNAME>
  </Dictionary>
  <Dictionary>
    <DICTIONARYITEMID>66</DICTIONARYITEMID>
    <DICTIONARYCODE>COUNTRY</DICTIONARYCODE>
    <DICTIONARYITEMCODE>CF</DICTIONARYITEMCODE>
    <DICTIONARYITEMNAME>Central African Republic</DICTIONARYITEMNAME>
  </Dictionary>
  <Dictionary>
    <DICTIONARYITEMID>67</DICTIONARYITEMID>
    <DICTIONARYCODE>COUNTRY</DICTIONARYCODE>
    <DICTIONARYITEMCODE>CG</DICTIONARYITEMCODE>
    <DICTIONARYITEMNAME>Congo</DICTIONARYITEMNAME>
  </Dictionary>
  <Dictionary>
    <DICTIONARYITEMID>68</DICTIONARYITEMID>
    <DICTIONARYCODE>COUNTRY</DICTIONARYCODE>
    <DICTIONARYITEMCODE>CH</DICTIONARYITEMCODE>
    <DICTIONARYITEMNAME>Switzerland</DICTIONARYITEMNAME>
  </Dictionary>
  <Dictionary>
    <DICTIONARYITEMID>69</DICTIONARYITEMID>
    <DICTIONARYCODE>COUNTRY</DICTIONARYCODE>
    <DICTIONARYITEMCODE>CI</DICTIONARYITEMCODE>
    <DICTIONARYITEMNAME>Côte D'Ivoire</DICTIONARYITEMNAME>
  </Dictionary>
  <Dictionary>
    <DICTIONARYITEMID>70</DICTIONARYITEMID>
    <DICTIONARYCODE>COUNTRY</DICTIONARYCODE>
    <DICTIONARYITEMCODE>CK</DICTIONARYITEMCODE>
    <DICTIONARYITEMNAME>Cook Islands</DICTIONARYITEMNAME>
  </Dictionary>
  <Dictionary>
    <DICTIONARYITEMID>71</DICTIONARYITEMID>
    <DICTIONARYCODE>COUNTRY</DICTIONARYCODE>
    <DICTIONARYITEMCODE>CL</DICTIONARYITEMCODE>
    <DICTIONARYITEMNAME>Chile</DICTIONARYITEMNAME>
  </Dictionary>
  <Dictionary>
    <DICTIONARYITEMID>72</DICTIONARYITEMID>
    <DICTIONARYCODE>COUNTRY</DICTIONARYCODE>
    <DICTIONARYITEMCODE>CM</DICTIONARYITEMCODE>
    <DICTIONARYITEMNAME>Cameroon</DICTIONARYITEMNAME>
  </Dictionary>
  <Dictionary>
    <DICTIONARYITEMID>73</DICTIONARYITEMID>
    <DICTIONARYCODE>COUNTRY</DICTIONARYCODE>
    <DICTIONARYITEMCODE>CN</DICTIONARYITEMCODE>
    <DICTIONARYITEMNAME>China</DICTIONARYITEMNAME>
  </Dictionary>
  <Dictionary>
    <DICTIONARYITEMID>74</DICTIONARYITEMID>
    <DICTIONARYCODE>COUNTRY</DICTIONARYCODE>
    <DICTIONARYITEMCODE>CO</DICTIONARYITEMCODE>
    <DICTIONARYITEMNAME>Colombia</DICTIONARYITEMNAME>
  </Dictionary>
  <Dictionary>
    <DICTIONARYITEMID>75</DICTIONARYITEMID>
    <DICTIONARYCODE>COUNTRY</DICTIONARYCODE>
    <DICTIONARYITEMCODE>CR</DICTIONARYITEMCODE>
    <DICTIONARYITEMNAME>Costa Rica</DICTIONARYITEMNAME>
  </Dictionary>
  <Dictionary>
    <DICTIONARYITEMID>76</DICTIONARYITEMID>
    <DICTIONARYCODE>COUNTRY</DICTIONARYCODE>
    <DICTIONARYITEMCODE>CS</DICTIONARYITEMCODE>
    <DICTIONARYITEMNAME>Serbia And Montenegro</DICTIONARYITEMNAME>
  </Dictionary>
  <Dictionary>
    <DICTIONARYITEMID>77</DICTIONARYITEMID>
    <DICTIONARYCODE>COUNTRY</DICTIONARYCODE>
    <DICTIONARYITEMCODE>CU</DICTIONARYITEMCODE>
    <DICTIONARYITEMNAME>Cuba</DICTIONARYITEMNAME>
  </Dictionary>
  <Dictionary>
    <DICTIONARYITEMID>78</DICTIONARYITEMID>
    <DICTIONARYCODE>COUNTRY</DICTIONARYCODE>
    <DICTIONARYITEMCODE>CV</DICTIONARYITEMCODE>
    <DICTIONARYITEMNAME>Cape Verde</DICTIONARYITEMNAME>
  </Dictionary>
  <Dictionary>
    <DICTIONARYITEMID>79</DICTIONARYITEMID>
    <DICTIONARYCODE>COUNTRY</DICTIONARYCODE>
    <DICTIONARYITEMCODE>CX</DICTIONARYITEMCODE>
    <DICTIONARYITEMNAME>Christmas Island</DICTIONARYITEMNAME>
  </Dictionary>
  <Dictionary>
    <DICTIONARYITEMID>80</DICTIONARYITEMID>
    <DICTIONARYCODE>COUNTRY</DICTIONARYCODE>
    <DICTIONARYITEMCODE>CY</DICTIONARYITEMCODE>
    <DICTIONARYITEMNAME>Cyprus</DICTIONARYITEMNAME>
  </Dictionary>
  <Dictionary>
    <DICTIONARYITEMID>81</DICTIONARYITEMID>
    <DICTIONARYCODE>COUNTRY</DICTIONARYCODE>
    <DICTIONARYITEMCODE>CZ</DICTIONARYITEMCODE>
    <DICTIONARYITEMNAME>Czech Republic</DICTIONARYITEMNAME>
  </Dictionary>
  <Dictionary>
    <DICTIONARYITEMID>82</DICTIONARYITEMID>
    <DICTIONARYCODE>COUNTRY</DICTIONARYCODE>
    <DICTIONARYITEMCODE>DE</DICTIONARYITEMCODE>
    <DICTIONARYITEMNAME>Germany</DICTIONARYITEMNAME>
  </Dictionary>
  <Dictionary>
    <DICTIONARYITEMID>83</DICTIONARYITEMID>
    <DICTIONARYCODE>COUNTRY</DICTIONARYCODE>
    <DICTIONARYITEMCODE>DJ</DICTIONARYITEMCODE>
    <DICTIONARYITEMNAME>Djibouti</DICTIONARYITEMNAME>
  </Dictionary>
  <Dictionary>
    <DICTIONARYITEMID>84</DICTIONARYITEMID>
    <DICTIONARYCODE>COUNTRY</DICTIONARYCODE>
    <DICTIONARYITEMCODE>DK</DICTIONARYITEMCODE>
    <DICTIONARYITEMNAME>Denmark</DICTIONARYITEMNAME>
  </Dictionary>
  <Dictionary>
    <DICTIONARYITEMID>85</DICTIONARYITEMID>
    <DICTIONARYCODE>COUNTRY</DICTIONARYCODE>
    <DICTIONARYITEMCODE>DM</DICTIONARYITEMCODE>
    <DICTIONARYITEMNAME>Dominica</DICTIONARYITEMNAME>
  </Dictionary>
  <Dictionary>
    <DICTIONARYITEMID>86</DICTIONARYITEMID>
    <DICTIONARYCODE>COUNTRY</DICTIONARYCODE>
    <DICTIONARYITEMCODE>DO</DICTIONARYITEMCODE>
    <DICTIONARYITEMNAME>Dominican Republic</DICTIONARYITEMNAME>
  </Dictionary>
  <Dictionary>
    <DICTIONARYITEMID>87</DICTIONARYITEMID>
    <DICTIONARYCODE>COUNTRY</DICTIONARYCODE>
    <DICTIONARYITEMCODE>DZ</DICTIONARYITEMCODE>
    <DICTIONARYITEMNAME>Algeria</DICTIONARYITEMNAME>
  </Dictionary>
  <Dictionary>
    <DICTIONARYITEMID>88</DICTIONARYITEMID>
    <DICTIONARYCODE>COUNTRY</DICTIONARYCODE>
    <DICTIONARYITEMCODE>EC</DICTIONARYITEMCODE>
    <DICTIONARYITEMNAME>Ecuador</DICTIONARYITEMNAME>
  </Dictionary>
  <Dictionary>
    <DICTIONARYITEMID>89</DICTIONARYITEMID>
    <DICTIONARYCODE>COUNTRY</DICTIONARYCODE>
    <DICTIONARYITEMCODE>EE</DICTIONARYITEMCODE>
    <DICTIONARYITEMNAME>Estonia</DICTIONARYITEMNAME>
  </Dictionary>
  <Dictionary>
    <DICTIONARYITEMID>90</DICTIONARYITEMID>
    <DICTIONARYCODE>COUNTRY</DICTIONARYCODE>
    <DICTIONARYITEMCODE>EG</DICTIONARYITEMCODE>
    <DICTIONARYITEMNAME>Egypt</DICTIONARYITEMNAME>
  </Dictionary>
  <Dictionary>
    <DICTIONARYITEMID>91</DICTIONARYITEMID>
    <DICTIONARYCODE>COUNTRY</DICTIONARYCODE>
    <DICTIONARYITEMCODE>EH</DICTIONARYITEMCODE>
    <DICTIONARYITEMNAME>Western Sahara</DICTIONARYITEMNAME>
  </Dictionary>
  <Dictionary>
    <DICTIONARYITEMID>92</DICTIONARYITEMID>
    <DICTIONARYCODE>COUNTRY</DICTIONARYCODE>
    <DICTIONARYITEMCODE>ER</DICTIONARYITEMCODE>
    <DICTIONARYITEMNAME>Eritrea</DICTIONARYITEMNAME>
  </Dictionary>
  <Dictionary>
    <DICTIONARYITEMID>93</DICTIONARYITEMID>
    <DICTIONARYCODE>COUNTRY</DICTIONARYCODE>
    <DICTIONARYITEMCODE>ES</DICTIONARYITEMCODE>
    <DICTIONARYITEMNAME>Spain</DICTIONARYITEMNAME>
  </Dictionary>
  <Dictionary>
    <DICTIONARYITEMID>94</DICTIONARYITEMID>
    <DICTIONARYCODE>COUNTRY</DICTIONARYCODE>
    <DICTIONARYITEMCODE>ET</DICTIONARYITEMCODE>
    <DICTIONARYITEMNAME>Ethiopia</DICTIONARYITEMNAME>
  </Dictionary>
  <Dictionary>
    <DICTIONARYITEMID>95</DICTIONARYITEMID>
    <DICTIONARYCODE>COUNTRY</DICTIONARYCODE>
    <DICTIONARYITEMCODE>FI</DICTIONARYITEMCODE>
    <DICTIONARYITEMNAME>Finland</DICTIONARYITEMNAME>
  </Dictionary>
  <Dictionary>
    <DICTIONARYITEMID>96</DICTIONARYITEMID>
    <DICTIONARYCODE>COUNTRY</DICTIONARYCODE>
    <DICTIONARYITEMCODE>FJ</DICTIONARYITEMCODE>
    <DICTIONARYITEMNAME>Fiji</DICTIONARYITEMNAME>
  </Dictionary>
  <Dictionary>
    <DICTIONARYITEMID>97</DICTIONARYITEMID>
    <DICTIONARYCODE>COUNTRY</DICTIONARYCODE>
    <DICTIONARYITEMCODE>FK</DICTIONARYITEMCODE>
    <DICTIONARYITEMNAME>Falkland Islands (Malvinas)</DICTIONARYITEMNAME>
  </Dictionary>
  <Dictionary>
    <DICTIONARYITEMID>98</DICTIONARYITEMID>
    <DICTIONARYCODE>COUNTRY</DICTIONARYCODE>
    <DICTIONARYITEMCODE>FM</DICTIONARYITEMCODE>
    <DICTIONARYITEMNAME>Micronesia, Federated States Of</DICTIONARYITEMNAME>
  </Dictionary>
  <Dictionary>
    <DICTIONARYITEMID>99</DICTIONARYITEMID>
    <DICTIONARYCODE>COUNTRY</DICTIONARYCODE>
    <DICTIONARYITEMCODE>FO</DICTIONARYITEMCODE>
    <DICTIONARYITEMNAME>Faroe Islands</DICTIONARYITEMNAME>
  </Dictionary>
  <Dictionary>
    <DICTIONARYITEMID>100</DICTIONARYITEMID>
    <DICTIONARYCODE>COUNTRY</DICTIONARYCODE>
    <DICTIONARYITEMCODE>FR</DICTIONARYITEMCODE>
    <DICTIONARYITEMNAME>France</DICTIONARYITEMNAME>
  </Dictionary>
  <Dictionary>
    <DICTIONARYITEMID>101</DICTIONARYITEMID>
    <DICTIONARYCODE>COUNTRY</DICTIONARYCODE>
    <DICTIONARYITEMCODE>GA</DICTIONARYITEMCODE>
    <DICTIONARYITEMNAME>Gabon </DICTIONARYITEMNAME>
  </Dictionary>
  <Dictionary>
    <DICTIONARYITEMID>102</DICTIONARYITEMID>
    <DICTIONARYCODE>COUNTRY</DICTIONARYCODE>
    <DICTIONARYITEMCODE>GB</DICTIONARYITEMCODE>
    <DICTIONARYITEMNAME>United Kingdom</DICTIONARYITEMNAME>
  </Dictionary>
  <Dictionary>
    <DICTIONARYITEMID>103</DICTIONARYITEMID>
    <DICTIONARYCODE>COUNTRY</DICTIONARYCODE>
    <DICTIONARYITEMCODE>GD</DICTIONARYITEMCODE>
    <DICTIONARYITEMNAME>Grenada</DICTIONARYITEMNAME>
  </Dictionary>
  <Dictionary>
    <DICTIONARYITEMID>104</DICTIONARYITEMID>
    <DICTIONARYCODE>COUNTRY</DICTIONARYCODE>
    <DICTIONARYITEMCODE>GE</DICTIONARYITEMCODE>
    <DICTIONARYITEMNAME>Georgia</DICTIONARYITEMNAME>
  </Dictionary>
  <Dictionary>
    <DICTIONARYITEMID>105</DICTIONARYITEMID>
    <DICTIONARYCODE>COUNTRY</DICTIONARYCODE>
    <DICTIONARYITEMCODE>GF</DICTIONARYITEMCODE>
    <DICTIONARYITEMNAME>French Guiana</DICTIONARYITEMNAME>
  </Dictionary>
  <Dictionary>
    <DICTIONARYITEMID>106</DICTIONARYITEMID>
    <DICTIONARYCODE>COUNTRY</DICTIONARYCODE>
    <DICTIONARYITEMCODE>GH</DICTIONARYITEMCODE>
    <DICTIONARYITEMNAME>Ghana</DICTIONARYITEMNAME>
  </Dictionary>
  <Dictionary>
    <DICTIONARYITEMID>107</DICTIONARYITEMID>
    <DICTIONARYCODE>COUNTRY</DICTIONARYCODE>
    <DICTIONARYITEMCODE>GI</DICTIONARYITEMCODE>
    <DICTIONARYITEMNAME>Gibraltar</DICTIONARYITEMNAME>
  </Dictionary>
  <Dictionary>
    <DICTIONARYITEMID>108</DICTIONARYITEMID>
    <DICTIONARYCODE>COUNTRY</DICTIONARYCODE>
    <DICTIONARYITEMCODE>GL</DICTIONARYITEMCODE>
    <DICTIONARYITEMNAME>Greenland</DICTIONARYITEMNAME>
  </Dictionary>
  <Dictionary>
    <DICTIONARYITEMID>109</DICTIONARYITEMID>
    <DICTIONARYCODE>COUNTRY</DICTIONARYCODE>
    <DICTIONARYITEMCODE>GM</DICTIONARYITEMCODE>
    <DICTIONARYITEMNAME>Gambia</DICTIONARYITEMNAME>
  </Dictionary>
  <Dictionary>
    <DICTIONARYITEMID>110</DICTIONARYITEMID>
    <DICTIONARYCODE>COUNTRY</DICTIONARYCODE>
    <DICTIONARYITEMCODE>GN</DICTIONARYITEMCODE>
    <DICTIONARYITEMNAME>Guinea</DICTIONARYITEMNAME>
  </Dictionary>
  <Dictionary>
    <DICTIONARYITEMID>111</DICTIONARYITEMID>
    <DICTIONARYCODE>COUNTRY</DICTIONARYCODE>
    <DICTIONARYITEMCODE>GP</DICTIONARYITEMCODE>
    <DICTIONARYITEMNAME>Guadeloupe</DICTIONARYITEMNAME>
  </Dictionary>
  <Dictionary>
    <DICTIONARYITEMID>112</DICTIONARYITEMID>
    <DICTIONARYCODE>COUNTRY</DICTIONARYCODE>
    <DICTIONARYITEMCODE>GQ</DICTIONARYITEMCODE>
    <DICTIONARYITEMNAME>Equatorial Guinea</DICTIONARYITEMNAME>
  </Dictionary>
  <Dictionary>
    <DICTIONARYITEMID>113</DICTIONARYITEMID>
    <DICTIONARYCODE>COUNTRY</DICTIONARYCODE>
    <DICTIONARYITEMCODE>GR</DICTIONARYITEMCODE>
    <DICTIONARYITEMNAME>Greece</DICTIONARYITEMNAME>
  </Dictionary>
  <Dictionary>
    <DICTIONARYITEMID>114</DICTIONARYITEMID>
    <DICTIONARYCODE>COUNTRY</DICTIONARYCODE>
    <DICTIONARYITEMCODE>GS</DICTIONARYITEMCODE>
    <DICTIONARYITEMNAME>South Georgia And The South Sandwich Islands</DICTIONARYITEMNAME>
  </Dictionary>
  <Dictionary>
    <DICTIONARYITEMID>115</DICTIONARYITEMID>
    <DICTIONARYCODE>COUNTRY</DICTIONARYCODE>
    <DICTIONARYITEMCODE>GT</DICTIONARYITEMCODE>
    <DICTIONARYITEMNAME>Guatemala</DICTIONARYITEMNAME>
  </Dictionary>
  <Dictionary>
    <DICTIONARYITEMID>116</DICTIONARYITEMID>
    <DICTIONARYCODE>COUNTRY</DICTIONARYCODE>
    <DICTIONARYITEMCODE>GU</DICTIONARYITEMCODE>
    <DICTIONARYITEMNAME>Guam</DICTIONARYITEMNAME>
  </Dictionary>
  <Dictionary>
    <DICTIONARYITEMID>117</DICTIONARYITEMID>
    <DICTIONARYCODE>COUNTRY</DICTIONARYCODE>
    <DICTIONARYITEMCODE>GW</DICTIONARYITEMCODE>
    <DICTIONARYITEMNAME>Guinea-Bissau</DICTIONARYITEMNAME>
  </Dictionary>
  <Dictionary>
    <DICTIONARYITEMID>118</DICTIONARYITEMID>
    <DICTIONARYCODE>COUNTRY</DICTIONARYCODE>
    <DICTIONARYITEMCODE>GY</DICTIONARYITEMCODE>
    <DICTIONARYITEMNAME>Guyana</DICTIONARYITEMNAME>
  </Dictionary>
  <Dictionary>
    <DICTIONARYITEMID>119</DICTIONARYITEMID>
    <DICTIONARYCODE>COUNTRY</DICTIONARYCODE>
    <DICTIONARYITEMCODE>HK</DICTIONARYITEMCODE>
    <DICTIONARYITEMNAME>Hong Kong</DICTIONARYITEMNAME>
  </Dictionary>
  <Dictionary>
    <DICTIONARYITEMID>120</DICTIONARYITEMID>
    <DICTIONARYCODE>COUNTRY</DICTIONARYCODE>
    <DICTIONARYITEMCODE>HM</DICTIONARYITEMCODE>
    <DICTIONARYITEMNAME>Heard Island And Mcdonald Islands</DICTIONARYITEMNAME>
  </Dictionary>
  <Dictionary>
    <DICTIONARYITEMID>121</DICTIONARYITEMID>
    <DICTIONARYCODE>COUNTRY</DICTIONARYCODE>
    <DICTIONARYITEMCODE>HN</DICTIONARYITEMCODE>
    <DICTIONARYITEMNAME>Honduras</DICTIONARYITEMNAME>
  </Dictionary>
  <Dictionary>
    <DICTIONARYITEMID>122</DICTIONARYITEMID>
    <DICTIONARYCODE>COUNTRY</DICTIONARYCODE>
    <DICTIONARYITEMCODE>HR</DICTIONARYITEMCODE>
    <DICTIONARYITEMNAME>Croatia</DICTIONARYITEMNAME>
  </Dictionary>
  <Dictionary>
    <DICTIONARYITEMID>123</DICTIONARYITEMID>
    <DICTIONARYCODE>COUNTRY</DICTIONARYCODE>
    <DICTIONARYITEMCODE>HT</DICTIONARYITEMCODE>
    <DICTIONARYITEMNAME>Haiti</DICTIONARYITEMNAME>
  </Dictionary>
  <Dictionary>
    <DICTIONARYITEMID>124</DICTIONARYITEMID>
    <DICTIONARYCODE>COUNTRY</DICTIONARYCODE>
    <DICTIONARYITEMCODE>HU</DICTIONARYITEMCODE>
    <DICTIONARYITEMNAME>Hungary</DICTIONARYITEMNAME>
  </Dictionary>
  <Dictionary>
    <DICTIONARYITEMID>125</DICTIONARYITEMID>
    <DICTIONARYCODE>COUNTRY</DICTIONARYCODE>
    <DICTIONARYITEMCODE>ID</DICTIONARYITEMCODE>
    <DICTIONARYITEMNAME>Indonesia</DICTIONARYITEMNAME>
  </Dictionary>
  <Dictionary>
    <DICTIONARYITEMID>126</DICTIONARYITEMID>
    <DICTIONARYCODE>COUNTRY</DICTIONARYCODE>
    <DICTIONARYITEMCODE>IE</DICTIONARYITEMCODE>
    <DICTIONARYITEMNAME>Ireland</DICTIONARYITEMNAME>
  </Dictionary>
  <Dictionary>
    <DICTIONARYITEMID>127</DICTIONARYITEMID>
    <DICTIONARYCODE>COUNTRY</DICTIONARYCODE>
    <DICTIONARYITEMCODE>IL</DICTIONARYITEMCODE>
    <DICTIONARYITEMNAME>Israel</DICTIONARYITEMNAME>
  </Dictionary>
  <Dictionary>
    <DICTIONARYITEMID>128</DICTIONARYITEMID>
    <DICTIONARYCODE>COUNTRY</DICTIONARYCODE>
    <DICTIONARYITEMCODE>IN</DICTIONARYITEMCODE>
    <DICTIONARYITEMNAME>India</DICTIONARYITEMNAME>
  </Dictionary>
  <Dictionary>
    <DICTIONARYITEMID>129</DICTIONARYITEMID>
    <DICTIONARYCODE>COUNTRY</DICTIONARYCODE>
    <DICTIONARYITEMCODE>IO</DICTIONARYITEMCODE>
    <DICTIONARYITEMNAME>British Indian Ocean Territory</DICTIONARYITEMNAME>
  </Dictionary>
  <Dictionary>
    <DICTIONARYITEMID>130</DICTIONARYITEMID>
    <DICTIONARYCODE>COUNTRY</DICTIONARYCODE>
    <DICTIONARYITEMCODE>IQ</DICTIONARYITEMCODE>
    <DICTIONARYITEMNAME>Iraq</DICTIONARYITEMNAME>
  </Dictionary>
  <Dictionary>
    <DICTIONARYITEMID>131</DICTIONARYITEMID>
    <DICTIONARYCODE>COUNTRY</DICTIONARYCODE>
    <DICTIONARYITEMCODE>IR</DICTIONARYITEMCODE>
    <DICTIONARYITEMNAME>Iran, Islamic Republic Of</DICTIONARYITEMNAME>
  </Dictionary>
  <Dictionary>
    <DICTIONARYITEMID>132</DICTIONARYITEMID>
    <DICTIONARYCODE>COUNTRY</DICTIONARYCODE>
    <DICTIONARYITEMCODE>IS</DICTIONARYITEMCODE>
    <DICTIONARYITEMNAME>Iceland</DICTIONARYITEMNAME>
  </Dictionary>
  <Dictionary>
    <DICTIONARYITEMID>133</DICTIONARYITEMID>
    <DICTIONARYCODE>COUNTRY</DICTIONARYCODE>
    <DICTIONARYITEMCODE>IT</DICTIONARYITEMCODE>
    <DICTIONARYITEMNAME>Italy</DICTIONARYITEMNAME>
  </Dictionary>
  <Dictionary>
    <DICTIONARYITEMID>134</DICTIONARYITEMID>
    <DICTIONARYCODE>COUNTRY</DICTIONARYCODE>
    <DICTIONARYITEMCODE>JM</DICTIONARYITEMCODE>
    <DICTIONARYITEMNAME>Jamaica</DICTIONARYITEMNAME>
  </Dictionary>
  <Dictionary>
    <DICTIONARYITEMID>135</DICTIONARYITEMID>
    <DICTIONARYCODE>COUNTRY</DICTIONARYCODE>
    <DICTIONARYITEMCODE>JO</DICTIONARYITEMCODE>
    <DICTIONARYITEMNAME>Jordan</DICTIONARYITEMNAME>
  </Dictionary>
  <Dictionary>
    <DICTIONARYITEMID>136</DICTIONARYITEMID>
    <DICTIONARYCODE>COUNTRY</DICTIONARYCODE>
    <DICTIONARYITEMCODE>JP</DICTIONARYITEMCODE>
    <DICTIONARYITEMNAME>Japan</DICTIONARYITEMNAME>
  </Dictionary>
  <Dictionary>
    <DICTIONARYITEMID>137</DICTIONARYITEMID>
    <DICTIONARYCODE>COUNTRY</DICTIONARYCODE>
    <DICTIONARYITEMCODE>KE</DICTIONARYITEMCODE>
    <DICTIONARYITEMNAME>Kenya</DICTIONARYITEMNAME>
  </Dictionary>
  <Dictionary>
    <DICTIONARYITEMID>138</DICTIONARYITEMID>
    <DICTIONARYCODE>COUNTRY</DICTIONARYCODE>
    <DICTIONARYITEMCODE>KG</DICTIONARYITEMCODE>
    <DICTIONARYITEMNAME>Kyrgyzstan</DICTIONARYITEMNAME>
  </Dictionary>
  <Dictionary>
    <DICTIONARYITEMID>139</DICTIONARYITEMID>
    <DICTIONARYCODE>COUNTRY</DICTIONARYCODE>
    <DICTIONARYITEMCODE>KH</DICTIONARYITEMCODE>
    <DICTIONARYITEMNAME>Cambodia</DICTIONARYITEMNAME>
  </Dictionary>
  <Dictionary>
    <DICTIONARYITEMID>140</DICTIONARYITEMID>
    <DICTIONARYCODE>COUNTRY</DICTIONARYCODE>
    <DICTIONARYITEMCODE>KI</DICTIONARYITEMCODE>
    <DICTIONARYITEMNAME>Kiribati</DICTIONARYITEMNAME>
  </Dictionary>
  <Dictionary>
    <DICTIONARYITEMID>141</DICTIONARYITEMID>
    <DICTIONARYCODE>COUNTRY</DICTIONARYCODE>
    <DICTIONARYITEMCODE>KM</DICTIONARYITEMCODE>
    <DICTIONARYITEMNAME>Comoros</DICTIONARYITEMNAME>
  </Dictionary>
  <Dictionary>
    <DICTIONARYITEMID>142</DICTIONARYITEMID>
    <DICTIONARYCODE>COUNTRY</DICTIONARYCODE>
    <DICTIONARYITEMCODE>KN</DICTIONARYITEMCODE>
    <DICTIONARYITEMNAME>Saint Kitts And Nevis</DICTIONARYITEMNAME>
  </Dictionary>
  <Dictionary>
    <DICTIONARYITEMID>143</DICTIONARYITEMID>
    <DICTIONARYCODE>COUNTRY</DICTIONARYCODE>
    <DICTIONARYITEMCODE>KP</DICTIONARYITEMCODE>
    <DICTIONARYITEMNAME>Korea, Democratic People'S Republic Of</DICTIONARYITEMNAME>
  </Dictionary>
  <Dictionary>
    <DICTIONARYITEMID>144</DICTIONARYITEMID>
    <DICTIONARYCODE>COUNTRY</DICTIONARYCODE>
    <DICTIONARYITEMCODE>KR</DICTIONARYITEMCODE>
    <DICTIONARYITEMNAME>Korea, Republic Of</DICTIONARYITEMNAME>
  </Dictionary>
  <Dictionary>
    <DICTIONARYITEMID>145</DICTIONARYITEMID>
    <DICTIONARYCODE>COUNTRY</DICTIONARYCODE>
    <DICTIONARYITEMCODE>KW</DICTIONARYITEMCODE>
    <DICTIONARYITEMNAME>Kuwait</DICTIONARYITEMNAME>
  </Dictionary>
  <Dictionary>
    <DICTIONARYITEMID>146</DICTIONARYITEMID>
    <DICTIONARYCODE>COUNTRY</DICTIONARYCODE>
    <DICTIONARYITEMCODE>KY</DICTIONARYITEMCODE>
    <DICTIONARYITEMNAME>Cayman Islands</DICTIONARYITEMNAME>
  </Dictionary>
  <Dictionary>
    <DICTIONARYITEMID>147</DICTIONARYITEMID>
    <DICTIONARYCODE>COUNTRY</DICTIONARYCODE>
    <DICTIONARYITEMCODE>KZ</DICTIONARYITEMCODE>
    <DICTIONARYITEMNAME>Kazakhstan</DICTIONARYITEMNAME>
  </Dictionary>
  <Dictionary>
    <DICTIONARYITEMID>148</DICTIONARYITEMID>
    <DICTIONARYCODE>COUNTRY</DICTIONARYCODE>
    <DICTIONARYITEMCODE>LA</DICTIONARYITEMCODE>
    <DICTIONARYITEMNAME>Lao People'S Democratic Republic </DICTIONARYITEMNAME>
  </Dictionary>
  <Dictionary>
    <DICTIONARYITEMID>149</DICTIONARYITEMID>
    <DICTIONARYCODE>COUNTRY</DICTIONARYCODE>
    <DICTIONARYITEMCODE>LB</DICTIONARYITEMCODE>
    <DICTIONARYITEMNAME>Lebanon</DICTIONARYITEMNAME>
  </Dictionary>
  <Dictionary>
    <DICTIONARYITEMID>150</DICTIONARYITEMID>
    <DICTIONARYCODE>COUNTRY</DICTIONARYCODE>
    <DICTIONARYITEMCODE>LC</DICTIONARYITEMCODE>
    <DICTIONARYITEMNAME>Saint Lucia</DICTIONARYITEMNAME>
  </Dictionary>
  <Dictionary>
    <DICTIONARYITEMID>151</DICTIONARYITEMID>
    <DICTIONARYCODE>COUNTRY</DICTIONARYCODE>
    <DICTIONARYITEMCODE>LI</DICTIONARYITEMCODE>
    <DICTIONARYITEMNAME>Liechtenstein</DICTIONARYITEMNAME>
  </Dictionary>
  <Dictionary>
    <DICTIONARYITEMID>152</DICTIONARYITEMID>
    <DICTIONARYCODE>COUNTRY</DICTIONARYCODE>
    <DICTIONARYITEMCODE>LK</DICTIONARYITEMCODE>
    <DICTIONARYITEMNAME>Sri Lanka</DICTIONARYITEMNAME>
  </Dictionary>
  <Dictionary>
    <DICTIONARYITEMID>153</DICTIONARYITEMID>
    <DICTIONARYCODE>COUNTRY</DICTIONARYCODE>
    <DICTIONARYITEMCODE>LR</DICTIONARYITEMCODE>
    <DICTIONARYITEMNAME>Liberia</DICTIONARYITEMNAME>
  </Dictionary>
  <Dictionary>
    <DICTIONARYITEMID>154</DICTIONARYITEMID>
    <DICTIONARYCODE>COUNTRY</DICTIONARYCODE>
    <DICTIONARYITEMCODE>LS</DICTIONARYITEMCODE>
    <DICTIONARYITEMNAME>Lesotho</DICTIONARYITEMNAME>
  </Dictionary>
  <Dictionary>
    <DICTIONARYITEMID>155</DICTIONARYITEMID>
    <DICTIONARYCODE>COUNTRY</DICTIONARYCODE>
    <DICTIONARYITEMCODE>LT</DICTIONARYITEMCODE>
    <DICTIONARYITEMNAME>Lithuania</DICTIONARYITEMNAME>
  </Dictionary>
  <Dictionary>
    <DICTIONARYITEMID>156</DICTIONARYITEMID>
    <DICTIONARYCODE>COUNTRY</DICTIONARYCODE>
    <DICTIONARYITEMCODE>LU</DICTIONARYITEMCODE>
    <DICTIONARYITEMNAME>Luxembourg</DICTIONARYITEMNAME>
  </Dictionary>
  <Dictionary>
    <DICTIONARYITEMID>157</DICTIONARYITEMID>
    <DICTIONARYCODE>COUNTRY</DICTIONARYCODE>
    <DICTIONARYITEMCODE>LV</DICTIONARYITEMCODE>
    <DICTIONARYITEMNAME>Latvia</DICTIONARYITEMNAME>
  </Dictionary>
  <Dictionary>
    <DICTIONARYITEMID>158</DICTIONARYITEMID>
    <DICTIONARYCODE>COUNTRY</DICTIONARYCODE>
    <DICTIONARYITEMCODE>LY</DICTIONARYITEMCODE>
    <DICTIONARYITEMNAME>Libyan Arab Jamahiriya</DICTIONARYITEMNAME>
  </Dictionary>
  <Dictionary>
    <DICTIONARYITEMID>159</DICTIONARYITEMID>
    <DICTIONARYCODE>COUNTRY</DICTIONARYCODE>
    <DICTIONARYITEMCODE>MA</DICTIONARYITEMCODE>
    <DICTIONARYITEMNAME>Morocco</DICTIONARYITEMNAME>
  </Dictionary>
  <Dictionary>
    <DICTIONARYITEMID>160</DICTIONARYITEMID>
    <DICTIONARYCODE>COUNTRY</DICTIONARYCODE>
    <DICTIONARYITEMCODE>MC</DICTIONARYITEMCODE>
    <DICTIONARYITEMNAME>Monaco</DICTIONARYITEMNAME>
  </Dictionary>
  <Dictionary>
    <DICTIONARYITEMID>161</DICTIONARYITEMID>
    <DICTIONARYCODE>COUNTRY</DICTIONARYCODE>
    <DICTIONARYITEMCODE>MD</DICTIONARYITEMCODE>
    <DICTIONARYITEMNAME>Moldova, Republic Of</DICTIONARYITEMNAME>
  </Dictionary>
  <Dictionary>
    <DICTIONARYITEMID>162</DICTIONARYITEMID>
    <DICTIONARYCODE>COUNTRY</DICTIONARYCODE>
    <DICTIONARYITEMCODE>MG</DICTIONARYITEMCODE>
    <DICTIONARYITEMNAME>Madagascar</DICTIONARYITEMNAME>
  </Dictionary>
  <Dictionary>
    <DICTIONARYITEMID>163</DICTIONARYITEMID>
    <DICTIONARYCODE>COUNTRY</DICTIONARYCODE>
    <DICTIONARYITEMCODE>MH</DICTIONARYITEMCODE>
    <DICTIONARYITEMNAME>Marshall Islands</DICTIONARYITEMNAME>
  </Dictionary>
  <Dictionary>
    <DICTIONARYITEMID>164</DICTIONARYITEMID>
    <DICTIONARYCODE>COUNTRY</DICTIONARYCODE>
    <DICTIONARYITEMCODE>MK</DICTIONARYITEMCODE>
    <DICTIONARYITEMNAME>Macedonia, The Former Yugoslav Republic Of</DICTIONARYITEMNAME>
  </Dictionary>
  <Dictionary>
    <DICTIONARYITEMID>165</DICTIONARYITEMID>
    <DICTIONARYCODE>COUNTRY</DICTIONARYCODE>
    <DICTIONARYITEMCODE>ML</DICTIONARYITEMCODE>
    <DICTIONARYITEMNAME>Mali</DICTIONARYITEMNAME>
  </Dictionary>
  <Dictionary>
    <DICTIONARYITEMID>166</DICTIONARYITEMID>
    <DICTIONARYCODE>COUNTRY</DICTIONARYCODE>
    <DICTIONARYITEMCODE>MM</DICTIONARYITEMCODE>
    <DICTIONARYITEMNAME>Myanmar</DICTIONARYITEMNAME>
  </Dictionary>
  <Dictionary>
    <DICTIONARYITEMID>167</DICTIONARYITEMID>
    <DICTIONARYCODE>COUNTRY</DICTIONARYCODE>
    <DICTIONARYITEMCODE>MN</DICTIONARYITEMCODE>
    <DICTIONARYITEMNAME>Mongolia</DICTIONARYITEMNAME>
  </Dictionary>
  <Dictionary>
    <DICTIONARYITEMID>168</DICTIONARYITEMID>
    <DICTIONARYCODE>COUNTRY</DICTIONARYCODE>
    <DICTIONARYITEMCODE>MO</DICTIONARYITEMCODE>
    <DICTIONARYITEMNAME>Macao</DICTIONARYITEMNAME>
  </Dictionary>
  <Dictionary>
    <DICTIONARYITEMID>169</DICTIONARYITEMID>
    <DICTIONARYCODE>COUNTRY</DICTIONARYCODE>
    <DICTIONARYITEMCODE>MP</DICTIONARYITEMCODE>
    <DICTIONARYITEMNAME>Northern Mariana Islands</DICTIONARYITEMNAME>
  </Dictionary>
  <Dictionary>
    <DICTIONARYITEMID>170</DICTIONARYITEMID>
    <DICTIONARYCODE>COUNTRY</DICTIONARYCODE>
    <DICTIONARYITEMCODE>MQ</DICTIONARYITEMCODE>
    <DICTIONARYITEMNAME>Martinique</DICTIONARYITEMNAME>
  </Dictionary>
  <Dictionary>
    <DICTIONARYITEMID>171</DICTIONARYITEMID>
    <DICTIONARYCODE>COUNTRY</DICTIONARYCODE>
    <DICTIONARYITEMCODE>MR</DICTIONARYITEMCODE>
    <DICTIONARYITEMNAME>Mauritania</DICTIONARYITEMNAME>
  </Dictionary>
  <Dictionary>
    <DICTIONARYITEMID>172</DICTIONARYITEMID>
    <DICTIONARYCODE>COUNTRY</DICTIONARYCODE>
    <DICTIONARYITEMCODE>MS</DICTIONARYITEMCODE>
    <DICTIONARYITEMNAME>Montserrat</DICTIONARYITEMNAME>
  </Dictionary>
  <Dictionary>
    <DICTIONARYITEMID>173</DICTIONARYITEMID>
    <DICTIONARYCODE>COUNTRY</DICTIONARYCODE>
    <DICTIONARYITEMCODE>MT</DICTIONARYITEMCODE>
    <DICTIONARYITEMNAME>Malta</DICTIONARYITEMNAME>
  </Dictionary>
  <Dictionary>
    <DICTIONARYITEMID>174</DICTIONARYITEMID>
    <DICTIONARYCODE>COUNTRY</DICTIONARYCODE>
    <DICTIONARYITEMCODE>MU</DICTIONARYITEMCODE>
    <DICTIONARYITEMNAME>Mauritius</DICTIONARYITEMNAME>
  </Dictionary>
  <Dictionary>
    <DICTIONARYITEMID>175</DICTIONARYITEMID>
    <DICTIONARYCODE>COUNTRY</DICTIONARYCODE>
    <DICTIONARYITEMCODE>MV</DICTIONARYITEMCODE>
    <DICTIONARYITEMNAME>Maldives</DICTIONARYITEMNAME>
  </Dictionary>
  <Dictionary>
    <DICTIONARYITEMID>176</DICTIONARYITEMID>
    <DICTIONARYCODE>COUNTRY</DICTIONARYCODE>
    <DICTIONARYITEMCODE>MW</DICTIONARYITEMCODE>
    <DICTIONARYITEMNAME>Malawi</DICTIONARYITEMNAME>
  </Dictionary>
  <Dictionary>
    <DICTIONARYITEMID>177</DICTIONARYITEMID>
    <DICTIONARYCODE>COUNTRY</DICTIONARYCODE>
    <DICTIONARYITEMCODE>MX</DICTIONARYITEMCODE>
    <DICTIONARYITEMNAME>Mexico</DICTIONARYITEMNAME>
  </Dictionary>
  <Dictionary>
    <DICTIONARYITEMID>178</DICTIONARYITEMID>
    <DICTIONARYCODE>COUNTRY</DICTIONARYCODE>
    <DICTIONARYITEMCODE>MY</DICTIONARYITEMCODE>
    <DICTIONARYITEMNAME>Malaysia</DICTIONARYITEMNAME>
  </Dictionary>
  <Dictionary>
    <DICTIONARYITEMID>179</DICTIONARYITEMID>
    <DICTIONARYCODE>COUNTRY</DICTIONARYCODE>
    <DICTIONARYITEMCODE>MZ</DICTIONARYITEMCODE>
    <DICTIONARYITEMNAME>Mozambique</DICTIONARYITEMNAME>
  </Dictionary>
  <Dictionary>
    <DICTIONARYITEMID>180</DICTIONARYITEMID>
    <DICTIONARYCODE>COUNTRY</DICTIONARYCODE>
    <DICTIONARYITEMCODE>NA</DICTIONARYITEMCODE>
    <DICTIONARYITEMNAME>Namibia</DICTIONARYITEMNAME>
  </Dictionary>
  <Dictionary>
    <DICTIONARYITEMID>181</DICTIONARYITEMID>
    <DICTIONARYCODE>COUNTRY</DICTIONARYCODE>
    <DICTIONARYITEMCODE>NC</DICTIONARYITEMCODE>
    <DICTIONARYITEMNAME>New Caledonia</DICTIONARYITEMNAME>
  </Dictionary>
  <Dictionary>
    <DICTIONARYITEMID>182</DICTIONARYITEMID>
    <DICTIONARYCODE>COUNTRY</DICTIONARYCODE>
    <DICTIONARYITEMCODE>NE</DICTIONARYITEMCODE>
    <DICTIONARYITEMNAME>Niger</DICTIONARYITEMNAME>
  </Dictionary>
  <Dictionary>
    <DICTIONARYITEMID>183</DICTIONARYITEMID>
    <DICTIONARYCODE>COUNTRY</DICTIONARYCODE>
    <DICTIONARYITEMCODE>NF</DICTIONARYITEMCODE>
    <DICTIONARYITEMNAME>Norfolk Island</DICTIONARYITEMNAME>
  </Dictionary>
  <Dictionary>
    <DICTIONARYITEMID>184</DICTIONARYITEMID>
    <DICTIONARYCODE>COUNTRY</DICTIONARYCODE>
    <DICTIONARYITEMCODE>NG</DICTIONARYITEMCODE>
    <DICTIONARYITEMNAME>Nigeria</DICTIONARYITEMNAME>
  </Dictionary>
  <Dictionary>
    <DICTIONARYITEMID>185</DICTIONARYITEMID>
    <DICTIONARYCODE>COUNTRY</DICTIONARYCODE>
    <DICTIONARYITEMCODE>NI</DICTIONARYITEMCODE>
    <DICTIONARYITEMNAME>Nicaragua</DICTIONARYITEMNAME>
  </Dictionary>
  <Dictionary>
    <DICTIONARYITEMID>186</DICTIONARYITEMID>
    <DICTIONARYCODE>COUNTRY</DICTIONARYCODE>
    <DICTIONARYITEMCODE>NL</DICTIONARYITEMCODE>
    <DICTIONARYITEMNAME>Netherlands</DICTIONARYITEMNAME>
  </Dictionary>
  <Dictionary>
    <DICTIONARYITEMID>187</DICTIONARYITEMID>
    <DICTIONARYCODE>COUNTRY</DICTIONARYCODE>
    <DICTIONARYITEMCODE>NO</DICTIONARYITEMCODE>
    <DICTIONARYITEMNAME>Norway</DICTIONARYITEMNAME>
  </Dictionary>
  <Dictionary>
    <DICTIONARYITEMID>188</DICTIONARYITEMID>
    <DICTIONARYCODE>COUNTRY</DICTIONARYCODE>
    <DICTIONARYITEMCODE>NP</DICTIONARYITEMCODE>
    <DICTIONARYITEMNAME>Nepal</DICTIONARYITEMNAME>
  </Dictionary>
  <Dictionary>
    <DICTIONARYITEMID>189</DICTIONARYITEMID>
    <DICTIONARYCODE>COUNTRY</DICTIONARYCODE>
    <DICTIONARYITEMCODE>NR</DICTIONARYITEMCODE>
    <DICTIONARYITEMNAME>Nauru</DICTIONARYITEMNAME>
  </Dictionary>
  <Dictionary>
    <DICTIONARYITEMID>190</DICTIONARYITEMID>
    <DICTIONARYCODE>COUNTRY</DICTIONARYCODE>
    <DICTIONARYITEMCODE>NU</DICTIONARYITEMCODE>
    <DICTIONARYITEMNAME>Niue</DICTIONARYITEMNAME>
  </Dictionary>
  <Dictionary>
    <DICTIONARYITEMID>191</DICTIONARYITEMID>
    <DICTIONARYCODE>COUNTRY</DICTIONARYCODE>
    <DICTIONARYITEMCODE>NZ</DICTIONARYITEMCODE>
    <DICTIONARYITEMNAME>New Zealand</DICTIONARYITEMNAME>
  </Dictionary>
  <Dictionary>
    <DICTIONARYITEMID>192</DICTIONARYITEMID>
    <DICTIONARYCODE>COUNTRY</DICTIONARYCODE>
    <DICTIONARYITEMCODE>OM</DICTIONARYITEMCODE>
    <DICTIONARYITEMNAME>Oman</DICTIONARYITEMNAME>
  </Dictionary>
  <Dictionary>
    <DICTIONARYITEMID>193</DICTIONARYITEMID>
    <DICTIONARYCODE>COUNTRY</DICTIONARYCODE>
    <DICTIONARYITEMCODE>PA</DICTIONARYITEMCODE>
    <DICTIONARYITEMNAME>Panama</DICTIONARYITEMNAME>
  </Dictionary>
  <Dictionary>
    <DICTIONARYITEMID>194</DICTIONARYITEMID>
    <DICTIONARYCODE>COUNTRY</DICTIONARYCODE>
    <DICTIONARYITEMCODE>PE</DICTIONARYITEMCODE>
    <DICTIONARYITEMNAME>Peru</DICTIONARYITEMNAME>
  </Dictionary>
  <Dictionary>
    <DICTIONARYITEMID>195</DICTIONARYITEMID>
    <DICTIONARYCODE>COUNTRY</DICTIONARYCODE>
    <DICTIONARYITEMCODE>PF</DICTIONARYITEMCODE>
    <DICTIONARYITEMNAME>French Polynesia</DICTIONARYITEMNAME>
  </Dictionary>
  <Dictionary>
    <DICTIONARYITEMID>196</DICTIONARYITEMID>
    <DICTIONARYCODE>COUNTRY</DICTIONARYCODE>
    <DICTIONARYITEMCODE>PG</DICTIONARYITEMCODE>
    <DICTIONARYITEMNAME>Papua New Guinea</DICTIONARYITEMNAME>
  </Dictionary>
  <Dictionary>
    <DICTIONARYITEMID>197</DICTIONARYITEMID>
    <DICTIONARYCODE>COUNTRY</DICTIONARYCODE>
    <DICTIONARYITEMCODE>PH</DICTIONARYITEMCODE>
    <DICTIONARYITEMNAME>Philippines</DICTIONARYITEMNAME>
  </Dictionary>
  <Dictionary>
    <DICTIONARYITEMID>198</DICTIONARYITEMID>
    <DICTIONARYCODE>COUNTRY</DICTIONARYCODE>
    <DICTIONARYITEMCODE>PK</DICTIONARYITEMCODE>
    <DICTIONARYITEMNAME>Pakistan</DICTIONARYITEMNAME>
  </Dictionary>
  <Dictionary>
    <DICTIONARYITEMID>199</DICTIONARYITEMID>
    <DICTIONARYCODE>COUNTRY</DICTIONARYCODE>
    <DICTIONARYITEMCODE>PL</DICTIONARYITEMCODE>
    <DICTIONARYITEMNAME>Poland</DICTIONARYITEMNAME>
  </Dictionary>
  <Dictionary>
    <DICTIONARYITEMID>200</DICTIONARYITEMID>
    <DICTIONARYCODE>COUNTRY</DICTIONARYCODE>
    <DICTIONARYITEMCODE>PM</DICTIONARYITEMCODE>
    <DICTIONARYITEMNAME>Saint Pierre And Miquelon</DICTIONARYITEMNAME>
  </Dictionary>
  <Dictionary>
    <DICTIONARYITEMID>201</DICTIONARYITEMID>
    <DICTIONARYCODE>COUNTRY</DICTIONARYCODE>
    <DICTIONARYITEMCODE>PN</DICTIONARYITEMCODE>
    <DICTIONARYITEMNAME>Pitcairn</DICTIONARYITEMNAME>
  </Dictionary>
  <Dictionary>
    <DICTIONARYITEMID>202</DICTIONARYITEMID>
    <DICTIONARYCODE>COUNTRY</DICTIONARYCODE>
    <DICTIONARYITEMCODE>PR</DICTIONARYITEMCODE>
    <DICTIONARYITEMNAME>Puerto Rico</DICTIONARYITEMNAME>
  </Dictionary>
  <Dictionary>
    <DICTIONARYITEMID>203</DICTIONARYITEMID>
    <DICTIONARYCODE>COUNTRY</DICTIONARYCODE>
    <DICTIONARYITEMCODE>PS</DICTIONARYITEMCODE>
    <DICTIONARYITEMNAME>Palestinian Territory, Occupied</DICTIONARYITEMNAME>
  </Dictionary>
  <Dictionary>
    <DICTIONARYITEMID>204</DICTIONARYITEMID>
    <DICTIONARYCODE>COUNTRY</DICTIONARYCODE>
    <DICTIONARYITEMCODE>PT</DICTIONARYITEMCODE>
    <DICTIONARYITEMNAME>Portugal</DICTIONARYITEMNAME>
  </Dictionary>
  <Dictionary>
    <DICTIONARYITEMID>205</DICTIONARYITEMID>
    <DICTIONARYCODE>COUNTRY</DICTIONARYCODE>
    <DICTIONARYITEMCODE>PW</DICTIONARYITEMCODE>
    <DICTIONARYITEMNAME>Palau</DICTIONARYITEMNAME>
  </Dictionary>
  <Dictionary>
    <DICTIONARYITEMID>206</DICTIONARYITEMID>
    <DICTIONARYCODE>COUNTRY</DICTIONARYCODE>
    <DICTIONARYITEMCODE>PY</DICTIONARYITEMCODE>
    <DICTIONARYITEMNAME>Paraguay</DICTIONARYITEMNAME>
  </Dictionary>
  <Dictionary>
    <DICTIONARYITEMID>207</DICTIONARYITEMID>
    <DICTIONARYCODE>COUNTRY</DICTIONARYCODE>
    <DICTIONARYITEMCODE>QA</DICTIONARYITEMCODE>
    <DICTIONARYITEMNAME>Qatar</DICTIONARYITEMNAME>
  </Dictionary>
  <Dictionary>
    <DICTIONARYITEMID>208</DICTIONARYITEMID>
    <DICTIONARYCODE>COUNTRY</DICTIONARYCODE>
    <DICTIONARYITEMCODE>RE</DICTIONARYITEMCODE>
    <DICTIONARYITEMNAME>Réunion</DICTIONARYITEMNAME>
  </Dictionary>
  <Dictionary>
    <DICTIONARYITEMID>209</DICTIONARYITEMID>
    <DICTIONARYCODE>COUNTRY</DICTIONARYCODE>
    <DICTIONARYITEMCODE>RO</DICTIONARYITEMCODE>
    <DICTIONARYITEMNAME>Romania</DICTIONARYITEMNAME>
  </Dictionary>
  <Dictionary>
    <DICTIONARYITEMID>210</DICTIONARYITEMID>
    <DICTIONARYCODE>COUNTRY</DICTIONARYCODE>
    <DICTIONARYITEMCODE>RU</DICTIONARYITEMCODE>
    <DICTIONARYITEMNAME>Russian Federation</DICTIONARYITEMNAME>
  </Dictionary>
  <Dictionary>
    <DICTIONARYITEMID>211</DICTIONARYITEMID>
    <DICTIONARYCODE>COUNTRY</DICTIONARYCODE>
    <DICTIONARYITEMCODE>RW</DICTIONARYITEMCODE>
    <DICTIONARYITEMNAME>Rwanda</DICTIONARYITEMNAME>
  </Dictionary>
  <Dictionary>
    <DICTIONARYITEMID>212</DICTIONARYITEMID>
    <DICTIONARYCODE>COUNTRY</DICTIONARYCODE>
    <DICTIONARYITEMCODE>SA</DICTIONARYITEMCODE>
    <DICTIONARYITEMNAME>Saudi Arabia</DICTIONARYITEMNAME>
  </Dictionary>
  <Dictionary>
    <DICTIONARYITEMID>213</DICTIONARYITEMID>
    <DICTIONARYCODE>COUNTRY</DICTIONARYCODE>
    <DICTIONARYITEMCODE>SB</DICTIONARYITEMCODE>
    <DICTIONARYITEMNAME>Solomon Islands</DICTIONARYITEMNAME>
  </Dictionary>
  <Dictionary>
    <DICTIONARYITEMID>214</DICTIONARYITEMID>
    <DICTIONARYCODE>COUNTRY</DICTIONARYCODE>
    <DICTIONARYITEMCODE>SC</DICTIONARYITEMCODE>
    <DICTIONARYITEMNAME>Seychelles</DICTIONARYITEMNAME>
  </Dictionary>
  <Dictionary>
    <DICTIONARYITEMID>215</DICTIONARYITEMID>
    <DICTIONARYCODE>COUNTRY</DICTIONARYCODE>
    <DICTIONARYITEMCODE>SD</DICTIONARYITEMCODE>
    <DICTIONARYITEMNAME>Sudan</DICTIONARYITEMNAME>
  </Dictionary>
  <Dictionary>
    <DICTIONARYITEMID>216</DICTIONARYITEMID>
    <DICTIONARYCODE>COUNTRY</DICTIONARYCODE>
    <DICTIONARYITEMCODE>SE</DICTIONARYITEMCODE>
    <DICTIONARYITEMNAME>Sweden</DICTIONARYITEMNAME>
  </Dictionary>
  <Dictionary>
    <DICTIONARYITEMID>217</DICTIONARYITEMID>
    <DICTIONARYCODE>COUNTRY</DICTIONARYCODE>
    <DICTIONARYITEMCODE>SG</DICTIONARYITEMCODE>
    <DICTIONARYITEMNAME>Singapore</DICTIONARYITEMNAME>
  </Dictionary>
  <Dictionary>
    <DICTIONARYITEMID>218</DICTIONARYITEMID>
    <DICTIONARYCODE>COUNTRY</DICTIONARYCODE>
    <DICTIONARYITEMCODE>SH</DICTIONARYITEMCODE>
    <DICTIONARYITEMNAME>Saint Helena </DICTIONARYITEMNAME>
  </Dictionary>
  <Dictionary>
    <DICTIONARYITEMID>219</DICTIONARYITEMID>
    <DICTIONARYCODE>COUNTRY</DICTIONARYCODE>
    <DICTIONARYITEMCODE>SI</DICTIONARYITEMCODE>
    <DICTIONARYITEMNAME>Slovenia</DICTIONARYITEMNAME>
  </Dictionary>
  <Dictionary>
    <DICTIONARYITEMID>220</DICTIONARYITEMID>
    <DICTIONARYCODE>COUNTRY</DICTIONARYCODE>
    <DICTIONARYITEMCODE>SJ</DICTIONARYITEMCODE>
    <DICTIONARYITEMNAME>Svalbard And Jan Mayen</DICTIONARYITEMNAME>
  </Dictionary>
  <Dictionary>
    <DICTIONARYITEMID>221</DICTIONARYITEMID>
    <DICTIONARYCODE>COUNTRY</DICTIONARYCODE>
    <DICTIONARYITEMCODE>SK</DICTIONARYITEMCODE>
    <DICTIONARYITEMNAME>Slovakia</DICTIONARYITEMNAME>
  </Dictionary>
  <Dictionary>
    <DICTIONARYITEMID>222</DICTIONARYITEMID>
    <DICTIONARYCODE>COUNTRY</DICTIONARYCODE>
    <DICTIONARYITEMCODE>SL</DICTIONARYITEMCODE>
    <DICTIONARYITEMNAME>Sierra Leone</DICTIONARYITEMNAME>
  </Dictionary>
  <Dictionary>
    <DICTIONARYITEMID>223</DICTIONARYITEMID>
    <DICTIONARYCODE>COUNTRY</DICTIONARYCODE>
    <DICTIONARYITEMCODE>SM</DICTIONARYITEMCODE>
    <DICTIONARYITEMNAME>San Marino</DICTIONARYITEMNAME>
  </Dictionary>
  <Dictionary>
    <DICTIONARYITEMID>224</DICTIONARYITEMID>
    <DICTIONARYCODE>COUNTRY</DICTIONARYCODE>
    <DICTIONARYITEMCODE>SN</DICTIONARYITEMCODE>
    <DICTIONARYITEMNAME>Senegal</DICTIONARYITEMNAME>
  </Dictionary>
  <Dictionary>
    <DICTIONARYITEMID>225</DICTIONARYITEMID>
    <DICTIONARYCODE>COUNTRY</DICTIONARYCODE>
    <DICTIONARYITEMCODE>SO</DICTIONARYITEMCODE>
    <DICTIONARYITEMNAME>Somalia</DICTIONARYITEMNAME>
  </Dictionary>
  <Dictionary>
    <DICTIONARYITEMID>226</DICTIONARYITEMID>
    <DICTIONARYCODE>COUNTRY</DICTIONARYCODE>
    <DICTIONARYITEMCODE>SR</DICTIONARYITEMCODE>
    <DICTIONARYITEMNAME>Suriname</DICTIONARYITEMNAME>
  </Dictionary>
  <Dictionary>
    <DICTIONARYITEMID>227</DICTIONARYITEMID>
    <DICTIONARYCODE>COUNTRY</DICTIONARYCODE>
    <DICTIONARYITEMCODE>ST</DICTIONARYITEMCODE>
    <DICTIONARYITEMNAME>Sao Tome And Principe</DICTIONARYITEMNAME>
  </Dictionary>
  <Dictionary>
    <DICTIONARYITEMID>228</DICTIONARYITEMID>
    <DICTIONARYCODE>COUNTRY</DICTIONARYCODE>
    <DICTIONARYITEMCODE>SV</DICTIONARYITEMCODE>
    <DICTIONARYITEMNAME>El Salvador</DICTIONARYITEMNAME>
  </Dictionary>
  <Dictionary>
    <DICTIONARYITEMID>229</DICTIONARYITEMID>
    <DICTIONARYCODE>COUNTRY</DICTIONARYCODE>
    <DICTIONARYITEMCODE>SY</DICTIONARYITEMCODE>
    <DICTIONARYITEMNAME>Syrian Arab Republic</DICTIONARYITEMNAME>
  </Dictionary>
  <Dictionary>
    <DICTIONARYITEMID>230</DICTIONARYITEMID>
    <DICTIONARYCODE>COUNTRY</DICTIONARYCODE>
    <DICTIONARYITEMCODE>SZ</DICTIONARYITEMCODE>
    <DICTIONARYITEMNAME>Swaziland</DICTIONARYITEMNAME>
  </Dictionary>
  <Dictionary>
    <DICTIONARYITEMID>231</DICTIONARYITEMID>
    <DICTIONARYCODE>COUNTRY</DICTIONARYCODE>
    <DICTIONARYITEMCODE>TC</DICTIONARYITEMCODE>
    <DICTIONARYITEMNAME>Turks And Caicos Islands</DICTIONARYITEMNAME>
  </Dictionary>
  <Dictionary>
    <DICTIONARYITEMID>232</DICTIONARYITEMID>
    <DICTIONARYCODE>COUNTRY</DICTIONARYCODE>
    <DICTIONARYITEMCODE>TD</DICTIONARYITEMCODE>
    <DICTIONARYITEMNAME>Chad</DICTIONARYITEMNAME>
  </Dictionary>
  <Dictionary>
    <DICTIONARYITEMID>233</DICTIONARYITEMID>
    <DICTIONARYCODE>COUNTRY</DICTIONARYCODE>
    <DICTIONARYITEMCODE>TF</DICTIONARYITEMCODE>
    <DICTIONARYITEMNAME>French Southern Territories</DICTIONARYITEMNAME>
  </Dictionary>
  <Dictionary>
    <DICTIONARYITEMID>234</DICTIONARYITEMID>
    <DICTIONARYCODE>COUNTRY</DICTIONARYCODE>
    <DICTIONARYITEMCODE>TG</DICTIONARYITEMCODE>
    <DICTIONARYITEMNAME>Togo</DICTIONARYITEMNAME>
  </Dictionary>
  <Dictionary>
    <DICTIONARYITEMID>235</DICTIONARYITEMID>
    <DICTIONARYCODE>COUNTRY</DICTIONARYCODE>
    <DICTIONARYITEMCODE>TH</DICTIONARYITEMCODE>
    <DICTIONARYITEMNAME>Thailand</DICTIONARYITEMNAME>
  </Dictionary>
  <Dictionary>
    <DICTIONARYITEMID>236</DICTIONARYITEMID>
    <DICTIONARYCODE>COUNTRY</DICTIONARYCODE>
    <DICTIONARYITEMCODE>TJ</DICTIONARYITEMCODE>
    <DICTIONARYITEMNAME>Tajikistan</DICTIONARYITEMNAME>
  </Dictionary>
  <Dictionary>
    <DICTIONARYITEMID>237</DICTIONARYITEMID>
    <DICTIONARYCODE>COUNTRY</DICTIONARYCODE>
    <DICTIONARYITEMCODE>TK</DICTIONARYITEMCODE>
    <DICTIONARYITEMNAME>Tokelau</DICTIONARYITEMNAME>
  </Dictionary>
  <Dictionary>
    <DICTIONARYITEMID>238</DICTIONARYITEMID>
    <DICTIONARYCODE>COUNTRY</DICTIONARYCODE>
    <DICTIONARYITEMCODE>TL</DICTIONARYITEMCODE>
    <DICTIONARYITEMNAME>Timor-Leste</DICTIONARYITEMNAME>
  </Dictionary>
  <Dictionary>
    <DICTIONARYITEMID>239</DICTIONARYITEMID>
    <DICTIONARYCODE>COUNTRY</DICTIONARYCODE>
    <DICTIONARYITEMCODE>TM</DICTIONARYITEMCODE>
    <DICTIONARYITEMNAME>Turkmenistan</DICTIONARYITEMNAME>
  </Dictionary>
  <Dictionary>
    <DICTIONARYITEMID>240</DICTIONARYITEMID>
    <DICTIONARYCODE>COUNTRY</DICTIONARYCODE>
    <DICTIONARYITEMCODE>TN</DICTIONARYITEMCODE>
    <DICTIONARYITEMNAME>Tunisia</DICTIONARYITEMNAME>
  </Dictionary>
  <Dictionary>
    <DICTIONARYITEMID>241</DICTIONARYITEMID>
    <DICTIONARYCODE>COUNTRY</DICTIONARYCODE>
    <DICTIONARYITEMCODE>TO</DICTIONARYITEMCODE>
    <DICTIONARYITEMNAME>Tonga</DICTIONARYITEMNAME>
  </Dictionary>
  <Dictionary>
    <DICTIONARYITEMID>242</DICTIONARYITEMID>
    <DICTIONARYCODE>COUNTRY</DICTIONARYCODE>
    <DICTIONARYITEMCODE>TR</DICTIONARYITEMCODE>
    <DICTIONARYITEMNAME>Turkey</DICTIONARYITEMNAME>
  </Dictionary>
  <Dictionary>
    <DICTIONARYITEMID>243</DICTIONARYITEMID>
    <DICTIONARYCODE>COUNTRY</DICTIONARYCODE>
    <DICTIONARYITEMCODE>TT</DICTIONARYITEMCODE>
    <DICTIONARYITEMNAME>Trinidad And Tobago</DICTIONARYITEMNAME>
  </Dictionary>
  <Dictionary>
    <DICTIONARYITEMID>244</DICTIONARYITEMID>
    <DICTIONARYCODE>COUNTRY</DICTIONARYCODE>
    <DICTIONARYITEMCODE>TV</DICTIONARYITEMCODE>
    <DICTIONARYITEMNAME>Tuvalu</DICTIONARYITEMNAME>
  </Dictionary>
  <Dictionary>
    <DICTIONARYITEMID>245</DICTIONARYITEMID>
    <DICTIONARYCODE>COUNTRY</DICTIONARYCODE>
    <DICTIONARYITEMCODE>TW</DICTIONARYITEMCODE>
    <DICTIONARYITEMNAME>Taiwan, Province Of China</DICTIONARYITEMNAME>
  </Dictionary>
  <Dictionary>
    <DICTIONARYITEMID>246</DICTIONARYITEMID>
    <DICTIONARYCODE>COUNTRY</DICTIONARYCODE>
    <DICTIONARYITEMCODE>TZ</DICTIONARYITEMCODE>
    <DICTIONARYITEMNAME>Tanzania, United Republic Of</DICTIONARYITEMNAME>
  </Dictionary>
  <Dictionary>
    <DICTIONARYITEMID>247</DICTIONARYITEMID>
    <DICTIONARYCODE>COUNTRY</DICTIONARYCODE>
    <DICTIONARYITEMCODE>UA</DICTIONARYITEMCODE>
    <DICTIONARYITEMNAME>Ukraine</DICTIONARYITEMNAME>
  </Dictionary>
  <Dictionary>
    <DICTIONARYITEMID>248</DICTIONARYITEMID>
    <DICTIONARYCODE>COUNTRY</DICTIONARYCODE>
    <DICTIONARYITEMCODE>UG</DICTIONARYITEMCODE>
    <DICTIONARYITEMNAME>Uganda</DICTIONARYITEMNAME>
  </Dictionary>
  <Dictionary>
    <DICTIONARYITEMID>249</DICTIONARYITEMID>
    <DICTIONARYCODE>COUNTRY</DICTIONARYCODE>
    <DICTIONARYITEMCODE>UM</DICTIONARYITEMCODE>
    <DICTIONARYITEMNAME>United States Minor Outlying Islands</DICTIONARYITEMNAME>
  </Dictionary>
  <Dictionary>
    <DICTIONARYITEMID>250</DICTIONARYITEMID>
    <DICTIONARYCODE>COUNTRY</DICTIONARYCODE>
    <DICTIONARYITEMCODE>US</DICTIONARYITEMCODE>
    <DICTIONARYITEMNAME>United States</DICTIONARYITEMNAME>
  </Dictionary>
  <Dictionary>
    <DICTIONARYITEMID>251</DICTIONARYITEMID>
    <DICTIONARYCODE>COUNTRY</DICTIONARYCODE>
    <DICTIONARYITEMCODE>UY</DICTIONARYITEMCODE>
    <DICTIONARYITEMNAME>Uruguay</DICTIONARYITEMNAME>
  </Dictionary>
  <Dictionary>
    <DICTIONARYITEMID>252</DICTIONARYITEMID>
    <DICTIONARYCODE>COUNTRY</DICTIONARYCODE>
    <DICTIONARYITEMCODE>UZ</DICTIONARYITEMCODE>
    <DICTIONARYITEMNAME>Uzbekistan</DICTIONARYITEMNAME>
  </Dictionary>
  <Dictionary>
    <DICTIONARYITEMID>253</DICTIONARYITEMID>
    <DICTIONARYCODE>COUNTRY</DICTIONARYCODE>
    <DICTIONARYITEMCODE>VA</DICTIONARYITEMCODE>
    <DICTIONARYITEMNAME>Holy See (Vatican City State)</DICTIONARYITEMNAME>
  </Dictionary>
  <Dictionary>
    <DICTIONARYITEMID>254</DICTIONARYITEMID>
    <DICTIONARYCODE>COUNTRY</DICTIONARYCODE>
    <DICTIONARYITEMCODE>VC</DICTIONARYITEMCODE>
    <DICTIONARYITEMNAME>Saint Vincent And The Grenadines</DICTIONARYITEMNAME>
  </Dictionary>
  <Dictionary>
    <DICTIONARYITEMID>255</DICTIONARYITEMID>
    <DICTIONARYCODE>COUNTRY</DICTIONARYCODE>
    <DICTIONARYITEMCODE>VE</DICTIONARYITEMCODE>
    <DICTIONARYITEMNAME>Venezuela</DICTIONARYITEMNAME>
  </Dictionary>
  <Dictionary>
    <DICTIONARYITEMID>256</DICTIONARYITEMID>
    <DICTIONARYCODE>COUNTRY</DICTIONARYCODE>
    <DICTIONARYITEMCODE>VG</DICTIONARYITEMCODE>
    <DICTIONARYITEMNAME>Virgin Islands, British</DICTIONARYITEMNAME>
  </Dictionary>
  <Dictionary>
    <DICTIONARYITEMID>257</DICTIONARYITEMID>
    <DICTIONARYCODE>COUNTRY</DICTIONARYCODE>
    <DICTIONARYITEMCODE>VI</DICTIONARYITEMCODE>
    <DICTIONARYITEMNAME>Virgin Islands, U.S.</DICTIONARYITEMNAME>
  </Dictionary>
  <Dictionary>
    <DICTIONARYITEMID>258</DICTIONARYITEMID>
    <DICTIONARYCODE>COUNTRY</DICTIONARYCODE>
    <DICTIONARYITEMCODE>VN</DICTIONARYITEMCODE>
    <DICTIONARYITEMNAME>Viet Nam</DICTIONARYITEMNAME>
  </Dictionary>
  <Dictionary>
    <DICTIONARYITEMID>259</DICTIONARYITEMID>
    <DICTIONARYCODE>COUNTRY</DICTIONARYCODE>
    <DICTIONARYITEMCODE>VU</DICTIONARYITEMCODE>
    <DICTIONARYITEMNAME>Vanuatu</DICTIONARYITEMNAME>
  </Dictionary>
  <Dictionary>
    <DICTIONARYITEMID>260</DICTIONARYITEMID>
    <DICTIONARYCODE>COUNTRY</DICTIONARYCODE>
    <DICTIONARYITEMCODE>WF</DICTIONARYITEMCODE>
    <DICTIONARYITEMNAME>Wallis And Futuna</DICTIONARYITEMNAME>
  </Dictionary>
  <Dictionary>
    <DICTIONARYITEMID>261</DICTIONARYITEMID>
    <DICTIONARYCODE>COUNTRY</DICTIONARYCODE>
    <DICTIONARYITEMCODE>WS</DICTIONARYITEMCODE>
    <DICTIONARYITEMNAME>Samoa</DICTIONARYITEMNAME>
  </Dictionary>
  <Dictionary>
    <DICTIONARYITEMID>262</DICTIONARYITEMID>
    <DICTIONARYCODE>COUNTRY</DICTIONARYCODE>
    <DICTIONARYITEMCODE>YE</DICTIONARYITEMCODE>
    <DICTIONARYITEMNAME>Yemen</DICTIONARYITEMNAME>
  </Dictionary>
  <Dictionary>
    <DICTIONARYITEMID>263</DICTIONARYITEMID>
    <DICTIONARYCODE>COUNTRY</DICTIONARYCODE>
    <DICTIONARYITEMCODE>YT</DICTIONARYITEMCODE>
    <DICTIONARYITEMNAME>Mayotte</DICTIONARYITEMNAME>
  </Dictionary>
  <Dictionary>
    <DICTIONARYITEMID>264</DICTIONARYITEMID>
    <DICTIONARYCODE>COUNTRY</DICTIONARYCODE>
    <DICTIONARYITEMCODE>ZA</DICTIONARYITEMCODE>
    <DICTIONARYITEMNAME>South Africa</DICTIONARYITEMNAME>
  </Dictionary>
  <Dictionary>
    <DICTIONARYITEMID>265</DICTIONARYITEMID>
    <DICTIONARYCODE>COUNTRY</DICTIONARYCODE>
    <DICTIONARYITEMCODE>ZM</DICTIONARYITEMCODE>
    <DICTIONARYITEMNAME>Zambia</DICTIONARYITEMNAME>
  </Dictionary>
  <Dictionary>
    <DICTIONARYITEMID>266</DICTIONARYITEMID>
    <DICTIONARYCODE>COUNTRY</DICTIONARYCODE>
    <DICTIONARYITEMCODE>ZW</DICTIONARYITEMCODE>
    <DICTIONARYITEMNAME>Zimbabwe</DICTIONARYITEMNAME>
  </Dictionary>
  <Dictionary>
    <DICTIONARYITEMID>267</DICTIONARYITEMID>
    <DICTIONARYCODE>CURRENCY</DICTIONARYCODE>
    <DICTIONARYITEMCODE>ATS</DICTIONARYITEMCODE>
    <DICTIONARYITEMNAME>ATS</DICTIONARYITEMNAME>
  </Dictionary>
  <Dictionary>
    <DICTIONARYITEMID>268</DICTIONARYITEMID>
    <DICTIONARYCODE>CURRENCY</DICTIONARYCODE>
    <DICTIONARYITEMCODE>CAD</DICTIONARYITEMCODE>
    <DICTIONARYITEMNAME>CAD</DICTIONARYITEMNAME>
  </Dictionary>
  <Dictionary>
    <DICTIONARYITEMID>269</DICTIONARYITEMID>
    <DICTIONARYCODE>CURRENCY</DICTIONARYCODE>
    <DICTIONARYITEMCODE>CHF</DICTIONARYITEMCODE>
    <DICTIONARYITEMNAME>CHF</DICTIONARYITEMNAME>
  </Dictionary>
  <Dictionary>
    <DICTIONARYITEMID>270</DICTIONARYITEMID>
    <DICTIONARYCODE>CURRENCY</DICTIONARYCODE>
    <DICTIONARYITEMCODE>DEM</DICTIONARYITEMCODE>
    <DICTIONARYITEMNAME>DEM</DICTIONARYITEMNAME>
  </Dictionary>
  <Dictionary>
    <DICTIONARYITEMID>271</DICTIONARYITEMID>
    <DICTIONARYCODE>CURRENCY</DICTIONARYCODE>
    <DICTIONARYITEMCODE>DKK</DICTIONARYITEMCODE>
    <DICTIONARYITEMNAME>DKK</DICTIONARYITEMNAME>
  </Dictionary>
  <Dictionary>
    <DICTIONARYITEMID>272</DICTIONARYITEMID>
    <DICTIONARYCODE>CURRENCY</DICTIONARYCODE>
    <DICTIONARYITEMCODE>EIR</DICTIONARYITEMCODE>
    <DICTIONARYITEMNAME>EIR</DICTIONARYITEMNAME>
  </Dictionary>
  <Dictionary>
    <DICTIONARYITEMID>273</DICTIONARYITEMID>
    <DICTIONARYCODE>CURRENCY</DICTIONARYCODE>
    <DICTIONARYITEMCODE>EUR</DICTIONARYITEMCODE>
    <DICTIONARYITEMNAME>EUR</DICTIONARYITEMNAME>
  </Dictionary>
  <Dictionary>
    <DICTIONARYITEMID>274</DICTIONARYITEMID>
    <DICTIONARYCODE>CURRENCY</DICTIONARYCODE>
    <DICTIONARYITEMCODE>GBP</DICTIONARYITEMCODE>
    <DICTIONARYITEMNAME>GBP</DICTIONARYITEMNAME>
  </Dictionary>
  <Dictionary>
    <DICTIONARYITEMID>275</DICTIONARYITEMID>
    <DICTIONARYCODE>CURRENCY</DICTIONARYCODE>
    <DICTIONARYITEMCODE>HUF</DICTIONARYITEMCODE>
    <DICTIONARYITEMNAME>HUF</DICTIONARYITEMNAME>
  </Dictionary>
  <Dictionary>
    <DICTIONARYITEMID>276</DICTIONARYITEMID>
    <DICTIONARYCODE>CURRENCY</DICTIONARYCODE>
    <DICTIONARYITEMCODE>INT</DICTIONARYITEMCODE>
    <DICTIONARYITEMNAME>INT</DICTIONARYITEMNAME>
  </Dictionary>
  <Dictionary>
    <DICTIONARYITEMID>277</DICTIONARYITEMID>
    <DICTIONARYCODE>CURRENCY</DICTIONARYCODE>
    <DICTIONARYITEMCODE>JPY</DICTIONARYITEMCODE>
    <DICTIONARYITEMNAME>JPY</DICTIONARYITEMNAME>
  </Dictionary>
  <Dictionary>
    <DICTIONARYITEMID>278</DICTIONARYITEMID>
    <DICTIONARYCODE>CURRENCY</DICTIONARYCODE>
    <DICTIONARYITEMCODE>LEI</DICTIONARYITEMCODE>
    <DICTIONARYITEMNAME>LEI</DICTIONARYITEMNAME>
  </Dictionary>
  <Dictionary>
    <DICTIONARYITEMID>279</DICTIONARYITEMID>
    <DICTIONARYCODE>CURRENCY</DICTIONARYCODE>
    <DICTIONARYITEMCODE>ROL</DICTIONARYITEMCODE>
    <DICTIONARYITEMNAME>ROL</DICTIONARYITEMNAME>
  </Dictionary>
  <Dictionary>
    <DICTIONARYITEMID>280</DICTIONARYITEMID>
    <DICTIONARYCODE>CURRENCY</DICTIONARYCODE>
    <DICTIONARYITEMCODE>RON</DICTIONARYITEMCODE>
    <DICTIONARYITEMNAME>RON</DICTIONARYITEMNAME>
  </Dictionary>
  <Dictionary>
    <DICTIONARYITEMID>281</DICTIONARYITEMID>
    <DICTIONARYCODE>CURRENCY</DICTIONARYCODE>
    <DICTIONARYITEMCODE>TRY</DICTIONARYITEMCODE>
    <DICTIONARYITEMNAME>TRY</DICTIONARYITEMNAME>
  </Dictionary>
  <Dictionary>
    <DICTIONARYITEMID>282</DICTIONARYITEMID>
    <DICTIONARYCODE>CURRENCY</DICTIONARYCODE>
    <DICTIONARYITEMCODE>USD</DICTIONARYITEMCODE>
    <DICTIONARYITEMNAME>USD</DICTIONARYITEMNAME>
  </Dictionary>
  <Dictionary>
    <DICTIONARYITEMID>283</DICTIONARYITEMID>
    <DICTIONARYCODE>DISTRICT</DICTIONARYCODE>
    <DICTIONARYITEMCODE>CAR</DICTIONARYITEMCODE>
    <DICTIONARYITEMNAME>Careul</DICTIONARYITEMNAME>
  </Dictionary>
  <Dictionary>
    <DICTIONARYITEMID>284</DICTIONARYITEMID>
    <DICTIONARYCODE>DISTRICT</DICTIONARYCODE>
    <DICTIONARYITEMCODE>CART</DICTIONARYITEMCODE>
    <DICTIONARYITEMNAME>Cartier</DICTIONARYITEMNAME>
  </Dictionary>
  <Dictionary>
    <DICTIONARYITEMID>285</DICTIONARYITEMID>
    <DICTIONARYCODE>DISTRICT</DICTIONARYCODE>
    <DICTIONARYITEMCODE>CVART</DICTIONARYITEMCODE>
    <DICTIONARYITEMNAME>Cvartal</DICTIONARYITEMNAME>
  </Dictionary>
  <Dictionary>
    <DICTIONARYITEMID>286</DICTIONARYITEMID>
    <DICTIONARYCODE>DISTRICT</DICTIONARYCODE>
    <DICTIONARYITEMCODE>MICRO</DICTIONARYITEMCODE>
    <DICTIONARYITEMNAME>Micro</DICTIONARYITEMNAME>
  </Dictionary>
  <Dictionary>
    <DICTIONARYITEMID>287</DICTIONARYITEMID>
    <DICTIONARYCODE>DOCT</DICTIONARYCODE>
    <DICTIONARYITEMCODE>ACTIUNE_INSTANTA</DICTIONARYITEMCODE>
    <DICTIONARYITEMNAME>actiune in instanta</DICTIONARYITEMNAME>
  </Dictionary>
  <Dictionary>
    <DICTIONARYITEMID>288</DICTIONARYITEMID>
    <DICTIONARYCODE>DOCT</DICTIONARYCODE>
    <DICTIONARYITEMCODE>ACT_NORMATIV</DICTIONARYITEMCODE>
    <DICTIONARYITEMNAME>act normativ</DICTIONARYITEMNAME>
  </Dictionary>
  <Dictionary>
    <DICTIONARYITEMID>289</DICTIONARYITEMID>
    <DICTIONARYCODE>DOCT</DICTIONARYCODE>
    <DICTIONARYITEMCODE>ACT_NOTARIAL</DICTIONARYITEMCODE>
    <DICTIONARYITEMNAME>act notarial</DICTIONARYITEMNAME>
  </Dictionary>
  <Dictionary>
    <DICTIONARYITEMID>290</DICTIONARYITEMID>
    <DICTIONARYCODE>DOCT</DICTIONARYCODE>
    <DICTIONARYITEMCODE>ADMINISTRATIVE_1</DICTIONARYITEMCODE>
    <DICTIONARYITEMNAME>act administrativ</DICTIONARYITEMNAME>
  </Dictionary>
  <Dictionary>
    <DICTIONARYITEMID>291</DICTIONARYITEMID>
    <DICTIONARYCODE>DOCT</DICTIONARYCODE>
    <DICTIONARYITEMCODE>CERTIFICAT_GREFA1</DICTIONARYITEMCODE>
    <DICTIONARYITEMNAME>certificat grefa</DICTIONARYITEMNAME>
  </Dictionary>
  <Dictionary>
    <DICTIONARYITEMID>292</DICTIONARYITEMID>
    <DICTIONARYCODE>DOCT</DICTIONARYCODE>
    <DICTIONARYITEMCODE>FISA_INTERVIU</DICTIONARYITEMCODE>
    <DICTIONARYITEMNAME>fisa de interviu</DICTIONARYITEMNAME>
  </Dictionary>
  <Dictionary>
    <DICTIONARYITEMID>293</DICTIONARYITEMID>
    <DICTIONARYCODE>DOCT</DICTIONARYCODE>
    <DICTIONARYITEMCODE>HOTARARE_JUDECATOREASCA</DICTIONARYITEMCODE>
    <DICTIONARYITEMNAME>hotarare judecatoreasca</DICTIONARYITEMNAME>
  </Dictionary>
  <Dictionary>
    <DICTIONARYITEMID>294</DICTIONARYITEMID>
    <DICTIONARYCODE>DOCT</DICTIONARYCODE>
    <DICTIONARYITEMCODE>INSCRIS_SUB_SEMNATURA_PRIVATA</DICTIONARYITEMCODE>
    <DICTIONARYITEMNAME>inscris sub semnatura privata</DICTIONARYITEMNAME>
  </Dictionary>
  <Dictionary>
    <DICTIONARYITEMID>295</DICTIONARYITEMID>
    <DICTIONARYCODE>DOCT</DICTIONARYCODE>
    <DICTIONARYITEMCODE>ORDONANTA</DICTIONARYITEMCODE>
    <DICTIONARYITEMNAME>ordonanta</DICTIONARYITEMNAME>
  </Dictionary>
  <Dictionary>
    <DICTIONARYITEMID>296</DICTIONARYITEMID>
    <DICTIONARYCODE>DOCT</DICTIONARYCODE>
    <DICTIONARYITEMCODE>SOMATIE</DICTIONARYITEMCODE>
    <DICTIONARYITEMNAME>somatie</DICTIONARYITEMNAME>
  </Dictionary>
  <Dictionary>
    <DICTIONARYITEMID>297</DICTIONARYITEMID>
    <DICTIONARYCODE>IDCARDTYPE</DICTIONARYCODE>
    <DICTIONARYITEMCODE>BI</DICTIONARYITEMCODE>
    <DICTIONARYITEMNAME>Buletin de identitate</DICTIONARYITEMNAME>
  </Dictionary>
  <Dictionary>
    <DICTIONARYITEMID>298</DICTIONARYITEMID>
    <DICTIONARYCODE>IDCARDTYPE</DICTIONARYCODE>
    <DICTIONARYITEMCODE>CI</DICTIONARYITEMCODE>
    <DICTIONARYITEMNAME>Carte de identitate</DICTIONARYITEMNAME>
  </Dictionary>
  <Dictionary>
    <DICTIONARYITEMID>299</DICTIONARYITEMID>
    <DICTIONARYCODE>IDCARDTYPE</DICTIONARYCODE>
    <DICTIONARYITEMCODE>PASS</DICTIONARYITEMCODE>
    <DICTIONARYITEMNAME>Paşaport</DICTIONARYITEMNAME>
  </Dictionary>
  <Dictionary>
    <DICTIONARYITEMID>300</DICTIONARYITEMID>
    <DICTIONARYCODE>ITYPE</DICTIONARYCODE>
    <DICTIONARYITEMCODE>APARTMENT</DICTIONARYITEMCODE>
    <DICTIONARYITEMNAME>apartament</DICTIONARYITEMNAME>
  </Dictionary>
  <Dictionary>
    <DICTIONARYITEMID>301</DICTIONARYITEMID>
    <DICTIONARYCODE>ITYPE</DICTIONARYCODE>
    <DICTIONARYITEMCODE>BUILDING</DICTIONARYITEMCODE>
    <DICTIONARYITEMNAME>constructie</DICTIONARYITEMNAME>
  </Dictionary>
  <Dictionary>
    <DICTIONARYITEMID>302</DICTIONARYITEMID>
    <DICTIONARYCODE>ITYPE</DICTIONARYCODE>
    <DICTIONARYITEMCODE>LAND</DICTIONARYITEMCODE>
    <DICTIONARYITEMNAME>teren</DICTIONARYITEMNAME>
  </Dictionary>
  <Dictionary>
    <DICTIONARYITEMID>303</DICTIONARYITEMID>
    <DICTIONARYCODE>OT_CAD</DICTIONARYCODE>
    <DICTIONARYITEMCODE>AMALGAMATION</DICTIONARYITEMCODE>
    <DICTIONARYITEMNAME>Alipire imobile</DICTIONARYITEMNAME>
  </Dictionary>
  <Dictionary>
    <DICTIONARYITEMID>304</DICTIONARYITEMID>
    <DICTIONARYCODE>OT_CAD</DICTIONARYCODE>
    <DICTIONARYITEMCODE>CREATE_UI</DICTIONARYITEMCODE>
    <DICTIONARYITEMNAME>Apartamentare</DICTIONARYITEMNAME>
  </Dictionary>
  <Dictionary>
    <DICTIONARYITEMID>305</DICTIONARYITEMID>
    <DICTIONARYCODE>OT_CAD</DICTIONARYCODE>
    <DICTIONARYITEMCODE>DISMEMBER</DICTIONARYITEMCODE>
    <DICTIONARYITEMNAME>Dezmembrare imobil</DICTIONARYITEMNAME>
  </Dictionary>
  <Dictionary>
    <DICTIONARYITEMID>306</DICTIONARYITEMID>
    <DICTIONARYCODE>OT_CAD</DICTIONARYCODE>
    <DICTIONARYITEMCODE>DISMEMBER_AMALGAMATION_UI</DICTIONARYITEMCODE>
    <DICTIONARYITEMNAME>Alipire/Dezlipire UI</DICTIONARYITEMNAME>
  </Dictionary>
  <Dictionary>
    <DICTIONARYITEMID>307</DICTIONARYITEMID>
    <DICTIONARYCODE>OT_CAD</DICTIONARYCODE>
    <DICTIONARYITEMCODE>FIRST_REGISTRATION</DICTIONARYITEMCODE>
    <DICTIONARYITEMNAME>Prima inregistrare imobil</DICTIONARYITEMNAME>
  </Dictionary>
  <Dictionary>
    <DICTIONARYITEMID>308</DICTIONARYITEMID>
    <DICTIONARYCODE>OT_CAD</DICTIONARYCODE>
    <DICTIONARYITEMCODE>FIRST_REGISTRATION_UI</DICTIONARYITEMCODE>
    <DICTIONARYITEMNAME>Prima inregistrare UI</DICTIONARYITEMNAME>
  </Dictionary>
  <Dictionary>
    <DICTIONARYITEMID>309</DICTIONARYITEMID>
    <DICTIONARYCODE>OT_CAD</DICTIONARYCODE>
    <DICTIONARYITEMCODE>RECREATE_UI</DICTIONARYITEMCODE>
    <DICTIONARYITEMNAME>Reapartamentare</DICTIONARYITEMNAME>
  </Dictionary>
  <Dictionary>
    <DICTIONARYITEMID>310</DICTIONARYITEMID>
    <DICTIONARYCODE>OT_CAD</DICTIONARYCODE>
    <DICTIONARYITEMCODE>RECTIFY_BOUNDARIES</DICTIONARYITEMCODE>
    <DICTIONARYITEMNAME>Rectificare hotar</DICTIONARYITEMNAME>
  </Dictionary>
  <Dictionary>
    <DICTIONARYITEMID>311</DICTIONARYITEMID>
    <DICTIONARYCODE>OT_CAD</DICTIONARYCODE>
    <DICTIONARYITEMCODE>UPDATE_DATA_LAND</DICTIONARYITEMCODE>
    <DICTIONARYITEMNAME>Actualizare date imobil</DICTIONARYITEMNAME>
  </Dictionary>
  <Dictionary>
    <DICTIONARYITEMID>312</DICTIONARYITEMID>
    <DICTIONARYCODE>OT_CAD</DICTIONARYCODE>
    <DICTIONARYITEMCODE>UPDATE_DATA_UI</DICTIONARYITEMCODE>
    <DICTIONARYITEMNAME>Actualizare date UI</DICTIONARYITEMNAME>
  </Dictionary>
  <Dictionary>
    <DICTIONARYITEMID>313</DICTIONARYITEMID>
    <DICTIONARYCODE>QUOTA_TYPE</DICTIONARYCODE>
    <DICTIONARYITEMCODE>ABSOLUTE_QUOTA</DICTIONARYITEMCODE>
    <DICTIONARYITEMNAME>Cota absoluta (supraf.)</DICTIONARYITEMNAME>
  </Dictionary>
  <Dictionary>
    <DICTIONARYITEMID>314</DICTIONARYITEMID>
    <DICTIONARYCODE>QUOTA_TYPE</DICTIONARYCODE>
    <DICTIONARYITEMCODE>FRACTION_QUOTA</DICTIONARYITEMCODE>
    <DICTIONARYITEMNAME>Cota fractionara</DICTIONARYITEMNAME>
  </Dictionary>
  <Dictionary>
    <DICTIONARYITEMID>315</DICTIONARYITEMID>
    <DICTIONARYCODE>QUOTA_TYPE</DICTIONARYCODE>
    <DICTIONARYITEMCODE>PERCENTAGE_QUOTA</DICTIONARYITEMCODE>
    <DICTIONARYITEMNAME>Cota procentuala</DICTIONARYITEMNAME>
  </Dictionary>
  <Dictionary>
    <DICTIONARYITEMID>316</DICTIONARYITEMID>
    <DICTIONARYCODE>REGISTRATIONTYPE</DICTIONARYCODE>
    <DICTIONARYITEMCODE>INTAB</DICTIONARYITEMCODE>
    <DICTIONARYITEMNAME>Intabulare</DICTIONARYITEMNAME>
  </Dictionary>
  <Dictionary>
    <DICTIONARYITEMID>317</DICTIONARYITEMID>
    <DICTIONARYCODE>REGISTRATIONTYPE</DICTIONARYCODE>
    <DICTIONARYITEMCODE>NOTATION</DICTIONARYITEMCODE>
    <DICTIONARYITEMNAME>Notare</DICTIONARYITEMNAME>
  </Dictionary>
  <Dictionary>
    <DICTIONARYITEMID>318</DICTIONARYITEMID>
    <DICTIONARYCODE>REGISTRATIONTYPE</DICTIONARYCODE>
    <DICTIONARYITEMCODE>POSESION_REGISTATION</DICTIONARYITEMCODE>
    <DICTIONARYITEMNAME>Inscrierea posesiei</DICTIONARYITEMNAME>
  </Dictionary>
  <Dictionary>
    <DICTIONARYITEMID>319</DICTIONARYITEMID>
    <DICTIONARYCODE>REGISTRATIONTYPE</DICTIONARYCODE>
    <DICTIONARYITEMCODE>PROVISIONALENTRY</DICTIONARYITEMCODE>
    <DICTIONARYITEMNAME>Inscrierea provizorie</DICTIONARYITEMNAME>
  </Dictionary>
  <Dictionary>
    <DICTIONARYITEMID>320</DICTIONARYITEMID>
    <DICTIONARYCODE>ST</DICTIONARYCODE>
    <DICTIONARYITEMCODE>AL</DICTIONARYITEMCODE>
    <DICTIONARYITEMNAME>Aleea</DICTIONARYITEMNAME>
  </Dictionary>
  <Dictionary>
    <DICTIONARYITEMID>321</DICTIONARYITEMID>
    <DICTIONARYCODE>ST</DICTIONARYCODE>
    <DICTIONARYITEMCODE>BDUL</DICTIONARYITEMCODE>
    <DICTIONARYITEMNAME>Bulevardul</DICTIONARYITEMNAME>
  </Dictionary>
  <Dictionary>
    <DICTIONARYITEMID>322</DICTIONARYITEMID>
    <DICTIONARYCODE>ST</DICTIONARYCODE>
    <DICTIONARYITEMCODE>CALEA</DICTIONARYITEMCODE>
    <DICTIONARYITEMNAME>Calea</DICTIONARYITEMNAME>
  </Dictionary>
  <Dictionary>
    <DICTIONARYITEMID>323</DICTIONARYITEMID>
    <DICTIONARYCODE>ST</DICTIONARYCODE>
    <DICTIONARYITEMCODE>CAREU</DICTIONARYITEMCODE>
    <DICTIONARYITEMNAME>Careul</DICTIONARYITEMNAME>
  </Dictionary>
  <Dictionary>
    <DICTIONARYITEMID>324</DICTIONARYITEMID>
    <DICTIONARYCODE>ST</DICTIONARYCODE>
    <DICTIONARYITEMCODE>DRUMUL</DICTIONARYITEMCODE>
    <DICTIONARYITEMNAME>Drumul</DICTIONARYITEMNAME>
  </Dictionary>
  <Dictionary>
    <DICTIONARYITEMID>325</DICTIONARYITEMID>
    <DICTIONARYCODE>ST</DICTIONARYCODE>
    <DICTIONARYITEMCODE>FND</DICTIONARYITEMCODE>
    <DICTIONARYITEMNAME>Fundatura</DICTIONARYITEMNAME>
  </Dictionary>
  <Dictionary>
    <DICTIONARYITEMID>326</DICTIONARYITEMID>
    <DICTIONARYCODE>ST</DICTIONARYCODE>
    <DICTIONARYITEMCODE>FNDC</DICTIONARYITEMCODE>
    <DICTIONARYITEMNAME>Fundacul</DICTIONARYITEMNAME>
  </Dictionary>
  <Dictionary>
    <DICTIONARYITEMID>327</DICTIONARYITEMID>
    <DICTIONARYCODE>ST</DICTIONARYCODE>
    <DICTIONARYITEMCODE>INTR</DICTIONARYITEMCODE>
    <DICTIONARYITEMNAME>Intrarea</DICTIONARYITEMNAME>
  </Dictionary>
  <Dictionary>
    <DICTIONARYITEMID>328</DICTIONARYITEMID>
    <DICTIONARYCODE>ST</DICTIONARYCODE>
    <DICTIONARYITEMCODE>PREL</DICTIONARYITEMCODE>
    <DICTIONARYITEMNAME>Prelungirea</DICTIONARYITEMNAME>
  </Dictionary>
  <Dictionary>
    <DICTIONARYITEMID>329</DICTIONARYITEMID>
    <DICTIONARYCODE>ST</DICTIONARYCODE>
    <DICTIONARYITEMCODE>PSJ</DICTIONARYITEMCODE>
    <DICTIONARYITEMNAME>Pasajul</DICTIONARYITEMNAME>
  </Dictionary>
  <Dictionary>
    <DICTIONARYITEMID>330</DICTIONARYITEMID>
    <DICTIONARYCODE>ST</DICTIONARYCODE>
    <DICTIONARYITEMCODE>PIATA</DICTIONARYITEMCODE>
    <DICTIONARYITEMNAME>Piata</DICTIONARYITEMNAME>
  </Dictionary>
  <Dictionary>
    <DICTIONARYITEMID>331</DICTIONARYITEMID>
    <DICTIONARYCODE>ST</DICTIONARYCODE>
    <DICTIONARYITEMCODE>SOS</DICTIONARYITEMCODE>
    <DICTIONARYITEMNAME>Soseaua</DICTIONARYITEMNAME>
  </Dictionary>
  <Dictionary>
    <DICTIONARYITEMID>332</DICTIONARYITEMID>
    <DICTIONARYCODE>ST</DICTIONARYCODE>
    <DICTIONARYITEMCODE>SPLAIUL</DICTIONARYITEMCODE>
    <DICTIONARYITEMNAME>Splaiul</DICTIONARYITEMNAME>
  </Dictionary>
  <Dictionary>
    <DICTIONARYITEMID>333</DICTIONARYITEMID>
    <DICTIONARYCODE>ST</DICTIONARYCODE>
    <DICTIONARYITEMCODE>STR</DICTIONARYITEMCODE>
    <DICTIONARYITEMNAME>Strada</DICTIONARYITEMNAME>
  </Dictionary>
  <Dictionary>
    <DICTIONARYITEMID>334</DICTIONARYITEMID>
    <DICTIONARYCODE>ST</DICTIONARYCODE>
    <DICTIONARYITEMCODE>STRADELA</DICTIONARYITEMCODE>
    <DICTIONARYITEMNAME>Stradela</DICTIONARYITEMNAME>
  </Dictionary>
  <Dictionary>
    <DICTIONARYITEMID>335</DICTIONARYITEMID>
    <DICTIONARYCODE>ST</DICTIONARYCODE>
    <DICTIONARYITEMCODE>STRD</DICTIONARYITEMCODE>
    <DICTIONARYITEMNAME>Stradela</DICTIONARYITEMNAME>
  </Dictionary>
  <Dictionary>
    <DICTIONARYITEMID>336</DICTIONARYITEMID>
    <DICTIONARYCODE>ST</DICTIONARYCODE>
    <DICTIONARYITEMCODE>ZONA</DICTIONARYITEMCODE>
    <DICTIONARYITEMNAME>Zona</DICTIONARYITEMNAME>
  </Dictionary>
  <Dictionary>
    <DICTIONARYITEMID>337</DICTIONARYITEMID>
    <DICTIONARYCODE>TITLETYPE</DICTIONARYCODE>
    <DICTIONARYITEMCODE>ACCESIUNE</DICTIONARYITEMCODE>
    <DICTIONARYITEMNAME>Accesiune</DICTIONARYITEMNAME>
  </Dictionary>
  <Dictionary>
    <DICTIONARYITEMID>338</DICTIONARYITEMID>
    <DICTIONARYCODE>TITLETYPE</DICTIONARYCODE>
    <DICTIONARYITEMCODE>CONSTITUIRE</DICTIONARYITEMCODE>
    <DICTIONARYITEMNAME>Constituire</DICTIONARYITEMNAME>
  </Dictionary>
  <Dictionary>
    <DICTIONARYITEMID>339</DICTIONARYITEMID>
    <DICTIONARYCODE>TITLETYPE</DICTIONARYCODE>
    <DICTIONARYITEMCODE>CONSTRUIRE</DICTIONARYITEMCODE>
    <DICTIONARYITEMNAME>Construire</DICTIONARYITEMNAME>
  </Dictionary>
  <Dictionary>
    <DICTIONARYITEMID>340</DICTIONARYITEMID>
    <DICTIONARYCODE>TITLETYPE</DICTIONARYCODE>
    <DICTIONARYITEMCODE>CONVENTIE</DICTIONARYITEMCODE>
    <DICTIONARYITEMNAME>Conventie</DICTIONARYITEMNAME>
  </Dictionary>
  <Dictionary>
    <DICTIONARYITEMID>341</DICTIONARYITEMID>
    <DICTIONARYCODE>TITLETYPE</DICTIONARYCODE>
    <DICTIONARYITEMCODE>EXPROPRIERE</DICTIONARYITEMCODE>
    <DICTIONARYITEMNAME>Expropriere</DICTIONARYITEMNAME>
  </Dictionary>
  <Dictionary>
    <DICTIONARYITEMID>342</DICTIONARYITEMID>
    <DICTIONARYCODE>TITLETYPE</DICTIONARYCODE>
    <DICTIONARYITEMCODE>HOTARARE</DICTIONARYITEMCODE>
    <DICTIONARYITEMNAME>Hotarare Judecatoreasca</DICTIONARYITEMNAME>
  </Dictionary>
  <Dictionary>
    <DICTIONARYITEMID>343</DICTIONARYITEMID>
    <DICTIONARYCODE>TITLETYPE</DICTIONARYCODE>
    <DICTIONARYITEMCODE>IESIRE_INDIVIZIUNE</DICTIONARYITEMCODE>
    <DICTIONARYITEMNAME>Iesire Din Indiviziune</DICTIONARYITEMNAME>
  </Dictionary>
  <Dictionary>
    <DICTIONARYITEMID>344</DICTIONARYITEMID>
    <DICTIONARYCODE>TITLETYPE</DICTIONARYCODE>
    <DICTIONARYITEMCODE>LEGE</DICTIONARYITEMCODE>
    <DICTIONARYITEMNAME>Lege</DICTIONARYITEMNAME>
  </Dictionary>
  <Dictionary>
    <DICTIONARYITEMID>345</DICTIONARYITEMID>
    <DICTIONARYCODE>TITLETYPE</DICTIONARYCODE>
    <DICTIONARYITEMCODE>SUCCESIUNE</DICTIONARYITEMCODE>
    <DICTIONARYITEMNAME>Succesiune</DICTIONARYITEMNAME>
  </Dictionary>
  <Dictionary>
    <DICTIONARYITEMID>346</DICTIONARYITEMID>
    <DICTIONARYCODE>TITLETYPE</DICTIONARYCODE>
    <DICTIONARYITEMCODE>UZUCAPIUNE</DICTIONARYITEMCODE>
    <DICTIONARYITEMNAME>Uzucapiune</DICTIONARYITEMNAME>
  </Dictionary>
  <Dictionary>
    <DICTIONARYITEMID>347</DICTIONARYITEMID>
    <DICTIONARYCODE>TITLETYPE</DICTIONARYCODE>
    <DICTIONARYITEMCODE>adjudecare</DICTIONARYITEMCODE>
    <DICTIONARYITEMNAME>Adjudecare</DICTIONARYITEMNAME>
  </Dictionary>
  <Dictionary>
    <DICTIONARYITEMID>348</DICTIONARYITEMID>
    <DICTIONARYCODE>TITLETYPE</DICTIONARYCODE>
    <DICTIONARYITEMCODE>reconstituire</DICTIONARYITEMCODE>
    <DICTIONARYITEMNAME>Reconstituire</DICTIONARYITEMNAME>
  </Dictionary>
  <Dictionary>
    <DICTIONARYITEMID>349</DICTIONARYITEMID>
    <DICTIONARYCODE>USECAT</DICTIONARYCODE>
    <DICTIONARYITEMCODE>A</DICTIONARYITEMCODE>
    <DICTIONARYITEMNAME>arabil</DICTIONARYITEMNAME>
  </Dictionary>
  <Dictionary>
    <DICTIONARYITEMID>350</DICTIONARYITEMID>
    <DICTIONARYCODE>USECAT</DICTIONARYCODE>
    <DICTIONARYITEMCODE>ALTELE</DICTIONARYITEMCODE>
    <DICTIONARYITEMNAME>altele</DICTIONARYITEMNAME>
  </Dictionary>
  <Dictionary>
    <DICTIONARYITEMID>351</DICTIONARYITEMID>
    <DICTIONARYCODE>USECAT</DICTIONARYCODE>
    <DICTIONARYITEMCODE>CC</DICTIONARYITEMCODE>
    <DICTIONARYITEMNAME>curti constructii</DICTIONARYITEMNAME>
  </Dictionary>
  <Dictionary>
    <DICTIONARYITEMID>352</DICTIONARYITEMID>
    <DICTIONARYCODE>USECAT</DICTIONARYCODE>
    <DICTIONARYITEMCODE>CF</DICTIONARYITEMCODE>
    <DICTIONARYITEMNAME>cai ferate</DICTIONARYITEMNAME>
  </Dictionary>
  <Dictionary>
    <DICTIONARYITEMID>353</DICTIONARYITEMID>
    <DICTIONARYCODE>USECAT</DICTIONARYCODE>
    <DICTIONARYITEMCODE>DR</DICTIONARYITEMCODE>
    <DICTIONARYITEMNAME>drum</DICTIONARYITEMNAME>
  </Dictionary>
  <Dictionary>
    <DICTIONARYITEMID>354</DICTIONARYITEMID>
    <DICTIONARYCODE>USECAT</DICTIONARYCODE>
    <DICTIONARYITEMCODE>F</DICTIONARYITEMCODE>
    <DICTIONARYITEMNAME>faneata</DICTIONARYITEMNAME>
  </Dictionary>
  <Dictionary>
    <DICTIONARYITEMID>355</DICTIONARYITEMID>
    <DICTIONARYCODE>USECAT</DICTIONARYCODE>
    <DICTIONARYITEMCODE>HB</DICTIONARYITEMCODE>
    <DICTIONARYITEMNAME>ape statatoare</DICTIONARYITEMNAME>
  </Dictionary>
  <Dictionary>
    <DICTIONARYITEMID>356</DICTIONARYITEMID>
    <DICTIONARYCODE>USECAT</DICTIONARYCODE>
    <DICTIONARYITEMCODE>HR</DICTIONARYITEMCODE>
    <DICTIONARYITEMNAME>ape curgatoare</DICTIONARYITEMNAME>
  </Dictionary>
  <Dictionary>
    <DICTIONARYITEMID>357</DICTIONARYITEMID>
    <DICTIONARYCODE>USECAT</DICTIONARYCODE>
    <DICTIONARYITEMCODE>L</DICTIONARYITEMCODE>
    <DICTIONARYITEMNAME>livada</DICTIONARYITEMNAME>
  </Dictionary>
  <Dictionary>
    <DICTIONARYITEMID>358</DICTIONARYITEMID>
    <DICTIONARYCODE>USECAT</DICTIONARYCODE>
    <DICTIONARYITEMCODE>N</DICTIONARYITEMCODE>
    <DICTIONARYITEMNAME>neproductiv</DICTIONARYITEMNAME>
  </Dictionary>
  <Dictionary>
    <DICTIONARYITEMID>359</DICTIONARYITEMID>
    <DICTIONARYCODE>USECAT</DICTIONARYCODE>
    <DICTIONARYITEMCODE>NA</DICTIONARYITEMCODE>
    <DICTIONARYITEMNAME>nedeterminata</DICTIONARYITEMNAME>
  </Dictionary>
  <Dictionary>
    <DICTIONARYITEMID>360</DICTIONARYITEMID>
    <DICTIONARYCODE>USECAT</DICTIONARYCODE>
    <DICTIONARYITEMCODE>P</DICTIONARYITEMCODE>
    <DICTIONARYITEMNAME>pasune</DICTIONARYITEMNAME>
  </Dictionary>
  <Dictionary>
    <DICTIONARYITEMID>361</DICTIONARYITEMID>
    <DICTIONARYCODE>USECAT</DICTIONARYCODE>
    <DICTIONARYITEMCODE>PD</DICTIONARYITEMCODE>
    <DICTIONARYITEMNAME>padure</DICTIONARYITEMNAME>
  </Dictionary>
  <Dictionary>
    <DICTIONARYITEMID>362</DICTIONARYITEMID>
    <DICTIONARYCODE>USECAT</DICTIONARYCODE>
    <DICTIONARYITEMCODE>V</DICTIONARYITEMCODE>
    <DICTIONARYITEMNAME>vie</DICTIONARYITEMNAME>
  </Dictionary>
</NewDataSet>